Tweet ID,Text,User,Created At,Likes,Retweets,Sentiment
4.49212E+17,Feeling grateful for my friends and family.,werickson,1/13/2023 0:35,156,489,positive
5.19037E+17,Going for a walk in the park.,jennybutler,2/16/2023 6:24,223,788,neutral
7.76023E+17,I hate it when things don't go my way.,william88,1/24/2023 18:12,332,860,negative
6.7475E+17,I hate it when things don't go my way.,lawrencebauer,2/9/2023 7:14,388,881,negative
8.59726E+17,This is the best day ever!,gerald07,2/28/2023 6:55,255,567,positive
5.50893E+17,Feeling grateful for my friends and family.,cardenastaylor,2/22/2023 18:44,66,665,positive
6.99924E+17,Feeling grateful for my friends and family.,hmoore,4/5/2023 19:12,426,973,positive
5.88789E+17,Feeling disappointed in myself.,nvillanueva,4/27/2023 3:14,936,434,negative
6.62452E+17,Just had lunch with a friend.,saracooper,2/25/2023 1:05,362,332,neutral
6.84099E+17,Feeling grateful for my friends and family.,alexander53,2/2/2023 19:19,424,163,positive
7.76765E+17,I'm so upset right now.,honicholas,2/17/2023 17:02,897,455,negative
3.58643E+17,I love my life!,ywhite,3/5/2023 15:40,634,396,positive
1.17186E+17,I'm so upset right now.,mark56,2/13/2023 16:20,381,348,negative
4.38248E+17,This is the best day ever!,nhale,1/31/2023 23:08,908,729,positive
9.01928E+17,Going for a walk in the park.,rickysmith,3/19/2023 3:42,243,397,neutral
2.99674E+17,I'm so upset right now.,qcarrillo,4/3/2023 14:02,864,580,negative
4.45909E+17,This is the best day ever!,srasmussen,2/6/2023 13:15,534,448,positive
6.41461E+17,I'm so upset right now.,schroederdonald,2/1/2023 17:15,426,535,negative
7.35195E+17,Feeling disappointed in myself.,ferrelljoseph,3/14/2023 22:28,847,386,negative
6.63322E+17,I'm so upset right now.,acortez,1/14/2023 4:03,445,467,negative
4.41067E+17,Feeling disappointed in myself.,ohorton,1/15/2023 15:03,846,606,negative
7.68254E+17,Just had lunch with a friend.,william02,4/10/2023 4:18,155,622,neutral
9.41563E+17,I'm so upset right now.,thomasrodriguez,1/8/2023 21:44,355,564,negative
3.4259E+17,Feeling disappointed in myself.,bryanclark,3/1/2023 7:38,399,900,negative
5.26044E+17,Feeling grateful for my friends and family.,grantamy,3/31/2023 15:49,164,817,positive
6.89544E+17,Feeling disappointed in myself.,christopherjohnson,1/27/2023 15:50,126,713,negative
4.60029E+17,I'm so upset right now.,clinecorey,4/27/2023 5:33,424,345,negative
4.2078E+17,Feeling grateful for my friends and family.,bishopstacy,4/15/2023 2:15,736,981,positive
4.1863E+17,I hate it when things don't go my way.,robertjohnson,4/3/2023 2:10,265,480,negative
8.8836E+17,Going for a walk in the park.,cartermegan,2/28/2023 3:22,827,824,neutral
7.65061E+17,Watching a movie tonight.,brucevasquez,2/4/2023 18:52,380,676,neutral
3.10833E+17,I'm so upset right now.,christineponce,2/16/2023 12:18,781,438,negative
3.44894E+17,Feeling grateful for my friends and family.,lindseywilkins,4/26/2023 2:44,306,783,positive
5.38002E+17,Going for a walk in the park.,gabriellepoole,2/20/2023 1:16,431,891,neutral
8.3721E+17,Feeling grateful for my friends and family.,alexis31,1/16/2023 11:42,733,101,positive
3.42598E+17,I'm so upset right now.,smithallen,4/3/2023 14:17,551,253,negative
7.30453E+17,Feeling grateful for my friends and family.,jareddelgado,1/11/2023 5:52,110,23,positive
8.37272E+17,This is the best day ever!,richardrichards,3/18/2023 9:16,998,40,positive
5.10299E+17,Watching a movie tonight.,diana08,1/1/2023 6:00,599,381,neutral
4.02437E+17,I hate it when things don't go my way.,wpittman,3/22/2023 1:10,837,233,negative
2.55072E+17,I love my life!,rachelthompson,3/27/2023 12:24,882,894,positive
6.81344E+17,I love my life!,martintiffany,4/22/2023 22:47,28,247,positive
2.46929E+17,Watching a movie tonight.,ashleylewis,4/26/2023 4:11,486,43,neutral
4.56647E+17,I hate it when things don't go my way.,ryanwells,1/25/2023 14:48,231,207,negative
3.4232E+17,I'm so upset right now.,fgonzalez,2/23/2023 16:35,164,522,negative
5.94135E+17,Just had lunch with a friend.,tonysherman,1/27/2023 4:28,385,682,neutral
9.32188E+17,Feeling disappointed in myself.,james38,4/19/2023 23:38,988,151,negative
2.59186E+17,I'm so upset right now.,paul02,1/9/2023 8:03,735,877,negative
9.99792E+17,I hate it when things don't go my way.,lindsaybenitez,3/31/2023 11:20,485,989,negative
4.95536E+17,Feeling disappointed in myself.,vgonzalez,3/25/2023 12:52,487,336,negative
8.75324E+17,Feeling disappointed in myself.,mcmillanrebecca,2/3/2023 3:11,887,27,negative
5.98037E+17,I love my life!,dhansen,1/21/2023 15:58,614,241,positive
1.66436E+17,Feeling grateful for my friends and family.,thompsonmichelle,1/10/2023 23:27,631,669,positive
3.80331E+17,Going for a walk in the park.,noneal,4/15/2023 21:26,845,659,neutral
8.0231E+17,Watching a movie tonight.,michael57,2/2/2023 7:01,738,522,neutral
6.46815E+17,Watching a movie tonight.,morrisondaniel,3/14/2023 4:14,339,308,neutral
1.18683E+17,Feeling disappointed in myself.,sherry99,1/2/2023 8:44,128,810,negative
8.11981E+17,Watching a movie tonight.,jcurry,2/19/2023 15:00,40,760,neutral
7.67544E+17,Just had lunch with a friend.,wesley31,3/13/2023 7:26,647,212,neutral
2.57666E+17,I hate it when things don't go my way.,maryalvarado,1/15/2023 4:54,1000,166,negative
9.48746E+17,I'm so upset right now.,evansrebecca,2/21/2023 23:20,329,121,negative
4.90913E+17,Just had lunch with a friend.,perryrobinson,1/5/2023 15:16,109,605,neutral
4.77761E+17,Feeling disappointed in myself.,ubruce,1/3/2023 18:40,339,836,negative
6.16072E+17,I love my life!,cartergina,1/8/2023 3:02,34,377,positive
2.50027E+17,Feeling grateful for my friends and family.,ihurst,3/24/2023 3:42,227,975,positive
3.01479E+17,I hate it when things don't go my way.,brittany01,3/2/2023 7:31,352,974,negative
7.34754E+17,Feeling grateful for my friends and family.,maryhopkins,2/28/2023 17:18,353,6,positive
3.33584E+17,I'm so upset right now.,royburton,1/2/2023 9:45,953,443,negative
5.73461E+17,Feeling disappointed in myself.,cblackburn,2/1/2023 0:53,624,419,negative
2.83629E+17,Feeling disappointed in myself.,donaldmoore,4/6/2023 10:52,692,166,negative
7.81558E+17,Watching a movie tonight.,qbarnes,2/27/2023 3:37,885,29,neutral
9.3678E+17,Feeling disappointed in myself.,gjones,3/26/2023 23:16,426,5,negative
3.70183E+17,Feeling grateful for my friends and family.,benjaminbrock,1/24/2023 9:42,598,715,positive
9.06688E+17,Feeling disappointed in myself.,drewramos,4/3/2023 4:04,913,59,negative
8.76946E+17,I'm so upset right now.,bautistadaniel,2/3/2023 23:14,702,285,negative
7.10416E+17,Watching a movie tonight.,jessicawilkinson,2/1/2023 5:47,81,305,neutral
9.07083E+17,Going for a walk in the park.,rcarson,1/31/2023 22:51,602,503,neutral
2.11845E+17,I hate it when things don't go my way.,stevenhill,1/3/2023 14:19,199,267,negative
8.50072E+17,I'm so upset right now.,aliceramos,2/26/2023 6:01,594,58,negative
2.21211E+17,Feeling grateful for my friends and family.,dustin36,3/24/2023 7:13,766,211,positive
8.43383E+17,Feeling disappointed in myself.,danielspatricia,2/15/2023 16:06,71,792,negative
1.78989E+17,I love my life!,audrey25,3/1/2023 21:01,287,287,positive
7.07922E+17,Feeling disappointed in myself.,patricia23,1/3/2023 6:36,921,17,negative
2.86103E+17,I'm so upset right now.,christinemccarty,3/15/2023 4:14,101,313,negative
1.99164E+17,I love my life!,roy94,4/26/2023 0:35,475,406,positive
6.86674E+17,Just had lunch with a friend.,nancy85,1/16/2023 18:21,469,956,neutral
7.99313E+17,This is the best day ever!,cjennings,1/13/2023 15:48,786,925,positive
2.03518E+17,I love my life!,jamesbutler,1/20/2023 3:33,474,525,positive
3.87365E+17,Feeling grateful for my friends and family.,kphillips,1/21/2023 19:15,885,867,positive
9.60785E+17,I'm so upset right now.,jennifermadden,2/24/2023 11:52,42,423,negative
2.22809E+17,Watching a movie tonight.,catherineolson,3/7/2023 4:03,421,994,neutral
7.89476E+17,Going for a walk in the park.,tylerrichard,1/16/2023 11:56,611,218,neutral
4.6212E+17,I love my life!,patriciahoffman,1/17/2023 15:27,335,876,positive
9.93889E+17,I love my life!,schmidtwilliam,3/27/2023 20:13,863,708,positive
3.16658E+17,Feeling disappointed in myself.,zunigajo,4/1/2023 11:18,132,28,negative
3.56513E+17,I'm so upset right now.,jessica05,3/20/2023 15:11,461,77,negative
1.32878E+17,I love my life!,fernandowells,4/1/2023 3:25,146,444,positive
9.4246E+17,This is the best day ever!,schmittjames,1/9/2023 3:19,971,366,positive
6.52354E+17,Feeling grateful for my friends and family.,pglover,2/13/2023 10:57,280,634,positive
2.99025E+17,This is the best day ever!,clarkjessica,2/10/2023 2:40,328,885,positive
5.42337E+17,Feeling disappointed in myself.,brownmelissa,3/8/2023 12:21,24,150,negative
5.75166E+17,I love my life!,wilsonbernard,1/5/2023 9:25,9,368,positive
3.59698E+17,Watching a movie tonight.,pturner,4/12/2023 9:18,152,375,neutral
4.67471E+17,I hate it when things don't go my way.,alvaradocindy,1/27/2023 7:47,453,141,negative
6.18122E+17,I'm so upset right now.,shawnjenkins,1/16/2023 1:10,351,409,negative
5.33653E+17,Just had lunch with a friend.,smithsarah,2/8/2023 23:02,45,422,neutral
4.32298E+17,This is the best day ever!,nichole30,1/15/2023 10:08,226,878,positive
6.3794E+17,I love my life!,richardmurphy,1/4/2023 22:04,353,518,positive
7.53862E+17,I hate it when things don't go my way.,garciaashley,2/21/2023 14:03,835,719,negative
3.97583E+17,This is the best day ever!,xvillanueva,3/29/2023 23:19,565,447,positive
7.95282E+17,Feeling grateful for my friends and family.,opowell,1/1/2023 0:27,811,403,positive
7.12575E+17,Just had lunch with a friend.,mary04,2/12/2023 23:54,875,1,neutral
7.83586E+17,Going for a walk in the park.,lindsay98,3/16/2023 6:15,203,384,neutral
6.99516E+17,Feeling disappointed in myself.,deborahbryant,2/28/2023 13:35,189,552,negative
7.7838E+17,Watching a movie tonight.,lewismary,3/30/2023 5:16,411,758,neutral
4.98035E+17,Feeling disappointed in myself.,jameswilson,2/11/2023 0:40,22,291,negative
5.20625E+17,This is the best day ever!,tannerjoseph,4/25/2023 19:21,25,394,positive
2.42313E+17,I hate it when things don't go my way.,uanderson,3/24/2023 1:56,833,850,negative
3.66763E+17,Feeling disappointed in myself.,robertchambers,4/16/2023 21:38,974,395,negative
5.85366E+17,I'm so upset right now.,brittany75,3/3/2023 4:25,94,725,negative
5.23904E+17,Feeling disappointed in myself.,nbrown,4/15/2023 3:06,941,905,negative
6.23474E+17,Feeling grateful for my friends and family.,frankholloway,3/14/2023 15:33,363,402,positive
1.69056E+17,Going for a walk in the park.,williamseileen,4/16/2023 23:36,824,335,neutral
1.54957E+17,Watching a movie tonight.,madison13,2/8/2023 8:10,195,155,neutral
1.90401E+17,I'm so upset right now.,gallegosnancy,1/2/2023 19:28,364,481,negative
1.58295E+17,I'm so upset right now.,jason43,2/16/2023 19:43,260,376,negative
2.38151E+17,This is the best day ever!,romerowhitney,2/18/2023 6:28,978,462,positive
2.34487E+17,Going for a walk in the park.,jon46,4/23/2023 7:54,852,495,neutral
2.96456E+17,I love my life!,millermatthew,3/24/2023 23:03,275,261,positive
8.0771E+17,This is the best day ever!,rachel60,1/8/2023 12:38,785,66,positive
6.90503E+17,Feeling disappointed in myself.,ferrellgabriel,2/20/2023 19:23,417,565,negative
6.84119E+17,Watching a movie tonight.,jessicanguyen,1/25/2023 19:50,989,810,neutral
4.30628E+17,I'm so upset right now.,ehines,3/6/2023 7:12,277,633,negative
1.75758E+17,I hate it when things don't go my way.,rosariodavid,4/27/2023 12:31,89,336,negative
4.6158E+17,This is the best day ever!,huffedward,3/4/2023 7:08,805,453,positive
5.60107E+17,I love my life!,kaylamorales,1/13/2023 13:11,39,798,positive
7.43306E+17,I hate it when things don't go my way.,rmurphy,2/23/2023 9:01,241,99,negative
8.9877E+17,Feeling disappointed in myself.,bhayes,4/13/2023 14:36,700,321,negative
6.90277E+17,I love my life!,brownjill,1/30/2023 4:12,793,914,positive
8.49605E+17,This is the best day ever!,wilsonlaura,3/7/2023 17:03,861,562,positive
7.08606E+17,I'm so upset right now.,youngangela,2/10/2023 0:22,905,360,negative
5.76986E+17,I hate it when things don't go my way.,adam93,1/7/2023 3:31,634,304,negative
3.1367E+17,This is the best day ever!,scook,2/16/2023 11:21,907,622,positive
1.88717E+17,Feeling grateful for my friends and family.,josephramos,2/13/2023 23:01,838,803,positive
6.62774E+17,This is the best day ever!,vargasamber,4/6/2023 13:59,277,492,positive
1.4795E+17,This is the best day ever!,orobinson,3/12/2023 14:42,303,943,positive
4.13247E+17,Going for a walk in the park.,cunninghamgeorge,4/6/2023 17:13,485,269,neutral
4.35515E+17,I love my life!,mckinneylauren,2/26/2023 20:55,341,119,positive
3.04312E+17,Feeling grateful for my friends and family.,sotomonica,1/28/2023 18:55,834,926,positive
3.99332E+17,Feeling grateful for my friends and family.,mccarthyregina,2/2/2023 7:09,730,407,positive
7.71399E+17,I hate it when things don't go my way.,nicolemorton,3/31/2023 18:49,717,835,negative
6.54515E+17,I'm so upset right now.,zlee,2/19/2023 7:09,796,716,negative
5.56491E+17,Going for a walk in the park.,hollandmelissa,3/8/2023 21:20,719,72,neutral
8.28901E+17,I love my life!,miguelscott,2/19/2023 22:46,253,772,positive
7.27531E+17,Feeling disappointed in myself.,josephjohnson,2/25/2023 17:27,749,276,negative
4.35863E+17,I love my life!,mark02,2/19/2023 20:09,674,954,positive
9.57201E+17,Just had lunch with a friend.,gwendolynsmith,4/14/2023 9:09,372,786,neutral
7.49584E+17,Feeling disappointed in myself.,harriskelly,4/5/2023 4:08,740,374,negative
5.66567E+17,Feeling grateful for my friends and family.,nicolehenderson,4/23/2023 0:40,715,353,positive
1.88236E+17,I love my life!,vturner,3/16/2023 22:46,647,286,positive
3.02656E+17,Watching a movie tonight.,jimflynn,3/31/2023 0:08,167,566,neutral
6.00769E+17,Going for a walk in the park.,dennis13,4/1/2023 8:28,211,54,neutral
4.02576E+17,I hate it when things don't go my way.,wendy43,4/4/2023 13:36,482,95,negative
1.63208E+17,Going for a walk in the park.,hancocktheresa,1/28/2023 16:52,580,155,neutral
6.39452E+17,I hate it when things don't go my way.,melissahernandez,1/15/2023 16:56,399,854,negative
8.19286E+17,Watching a movie tonight.,cwebb,2/14/2023 14:29,461,415,neutral
4.10111E+17,Feeling disappointed in myself.,randywood,1/23/2023 23:27,214,869,negative
5.13573E+17,Feeling grateful for my friends and family.,slevy,3/3/2023 5:15,418,812,positive
6.50115E+17,This is the best day ever!,angela59,2/6/2023 8:21,307,761,positive
9.75264E+17,I hate it when things don't go my way.,leslie70,1/19/2023 7:03,842,605,negative
6.6762E+17,Feeling disappointed in myself.,jameshuang,3/2/2023 9:30,616,652,negative
8.52567E+17,Watching a movie tonight.,lharris,1/7/2023 23:48,539,961,neutral
5.69782E+17,I love my life!,jennifertucker,2/24/2023 16:14,689,852,positive
8.20997E+17,I'm so upset right now.,smithjustin,1/6/2023 1:18,31,91,negative
1.46131E+17,This is the best day ever!,fmcdaniel,3/24/2023 6:16,879,302,positive
6.97603E+17,This is the best day ever!,ryan25,2/5/2023 19:57,182,854,positive
2.51158E+17,Feeling disappointed in myself.,donna03,3/9/2023 19:05,318,28,negative
5.79792E+17,Feeling grateful for my friends and family.,frankspencer,1/27/2023 10:45,174,104,positive
3.35006E+17,Watching a movie tonight.,bradfordjacqueline,3/18/2023 7:05,917,584,neutral
3.71722E+17,I hate it when things don't go my way.,taylortravis,3/3/2023 1:35,151,879,negative
7.30929E+17,Just had lunch with a friend.,maryjackson,4/4/2023 16:32,102,421,neutral
6.44115E+17,I'm so upset right now.,wlee,1/28/2023 3:36,850,756,negative
1.88727E+17,This is the best day ever!,mitchellbrown,4/9/2023 5:20,937,146,positive
2.9319E+17,I love my life!,jacksonjordan,3/4/2023 3:31,483,394,positive
4.99305E+17,I'm so upset right now.,dneal,2/6/2023 4:04,550,845,negative
7.18185E+17,I'm so upset right now.,jasoncross,1/21/2023 8:20,567,204,negative
6.47423E+17,I'm so upset right now.,cyoung,4/17/2023 23:47,168,329,negative
5.63497E+17,Feeling disappointed in myself.,cathybutler,3/19/2023 7:55,727,448,negative
3.94494E+17,Feeling grateful for my friends and family.,jared84,4/6/2023 6:05,716,633,positive
5.48326E+17,I'm so upset right now.,williampeterson,2/28/2023 23:25,978,705,negative
8.78596E+17,I hate it when things don't go my way.,gracemills,3/16/2023 12:49,541,90,negative
8.32787E+17,I hate it when things don't go my way.,harold44,2/9/2023 23:10,659,305,negative
8.33531E+17,Just had lunch with a friend.,lcarrillo,1/15/2023 15:07,98,764,neutral
1.54497E+17,I hate it when things don't go my way.,barronjill,2/27/2023 3:10,675,811,negative
4.60496E+17,I hate it when things don't go my way.,christy95,3/7/2023 22:32,354,191,negative
9.43583E+17,Going for a walk in the park.,porterrichard,2/1/2023 23:58,972,550,neutral
6.76458E+17,Going for a walk in the park.,canderson,1/31/2023 22:58,17,763,neutral
3.97421E+17,I hate it when things don't go my way.,vickijenkins,2/2/2023 1:23,803,726,negative
5.2072E+17,Just had lunch with a friend.,jlee,1/20/2023 13:25,714,572,neutral
8.92032E+17,Watching a movie tonight.,smithlinda,3/9/2023 3:46,874,851,neutral
9.85893E+17,Watching a movie tonight.,joshuarojas,1/6/2023 10:07,150,914,neutral
2.22114E+17,Feeling grateful for my friends and family.,erica49,4/13/2023 7:07,274,27,positive
5.41966E+17,Going for a walk in the park.,watsonmichael,1/11/2023 23:09,140,378,neutral
1.62924E+17,This is the best day ever!,eelliott,3/10/2023 5:20,535,928,positive
1.49082E+17,I'm so upset right now.,uwalsh,3/26/2023 5:49,80,866,negative
6.28624E+17,I love my life!,wallacejermaine,4/20/2023 15:33,636,453,positive
8.26986E+17,I love my life!,horntasha,2/3/2023 5:08,192,538,positive
2.41624E+17,I'm so upset right now.,joshuapowell,3/17/2023 9:59,737,253,negative
9.30426E+17,I love my life!,taylorgriffin,2/25/2023 10:19,493,933,positive
8.29524E+17,Feeling disappointed in myself.,wmcclure,2/4/2023 20:30,574,487,negative
9.12424E+17,Feeling grateful for my friends and family.,bonnielloyd,2/23/2023 20:00,781,47,positive
7.71502E+17,Just had lunch with a friend.,camposjames,3/22/2023 10:26,983,852,neutral
6.22066E+17,I'm so upset right now.,brandon38,1/10/2023 16:01,196,634,negative
2.77346E+17,Going for a walk in the park.,ijohnson,1/21/2023 12:35,632,837,neutral
7.14675E+17,This is the best day ever!,thomas23,4/1/2023 23:44,70,135,positive
5.20269E+17,I love my life!,fmartin,4/12/2023 6:01,239,372,positive
5.29181E+17,I'm so upset right now.,sross,2/25/2023 14:57,70,347,negative
5.2561E+17,I hate it when things don't go my way.,xmiller,1/16/2023 6:10,893,354,negative
2.07549E+17,Watching a movie tonight.,ugutierrez,4/22/2023 9:27,859,937,neutral
6.15719E+17,Feeling disappointed in myself.,djohnson,4/11/2023 0:49,819,929,negative
2.98019E+17,I love my life!,qday,3/14/2023 8:19,219,262,positive
7.03173E+17,I love my life!,timothy59,1/23/2023 20:30,264,774,positive
5.6611E+17,I'm so upset right now.,scottowen,3/23/2023 2:33,35,586,negative
7.81427E+17,Watching a movie tonight.,millernicole,4/6/2023 19:00,650,337,neutral
9.63989E+17,I hate it when things don't go my way.,alexa16,2/6/2023 23:07,483,134,negative
1.48495E+17,I love my life!,annacruz,2/7/2023 13:53,263,132,positive
6.19994E+17,I love my life!,rayrandy,1/23/2023 10:45,618,843,positive
7.4156E+17,I'm so upset right now.,bshea,1/7/2023 14:28,609,768,negative
8.62793E+17,Feeling disappointed in myself.,elizabethroberts,1/23/2023 2:01,639,593,negative
9.77001E+17,I hate it when things don't go my way.,jamesgina,1/15/2023 3:03,795,124,negative
6.54451E+17,Watching a movie tonight.,gbradley,3/6/2023 7:48,645,289,neutral
4.57908E+17,Just had lunch with a friend.,stephaniejohnson,4/14/2023 0:41,0,590,neutral
6.13669E+17,I hate it when things don't go my way.,vbrown,3/2/2023 11:55,898,498,negative
6.48757E+17,Feeling grateful for my friends and family.,hdavis,2/10/2023 23:45,45,76,positive
3.74948E+17,I love my life!,perezsamantha,2/17/2023 4:21,782,878,positive
2.44059E+17,I hate it when things don't go my way.,ujones,3/7/2023 19:14,104,893,negative
6.1176E+17,I love my life!,ocarpenter,4/4/2023 22:48,76,904,positive
4.23216E+17,This is the best day ever!,yhernandez,1/3/2023 8:17,427,493,positive
5.70956E+17,I'm so upset right now.,lopezjames,2/26/2023 4:20,143,551,negative
8.58167E+17,Feeling disappointed in myself.,michellesanders,1/14/2023 23:47,622,798,negative
5.72575E+17,This is the best day ever!,mackenzie24,4/27/2023 11:32,136,756,positive
6.98826E+17,Watching a movie tonight.,nwalker,4/1/2023 15:03,820,968,neutral
4.3543E+17,Feeling disappointed in myself.,gmejia,4/20/2023 14:25,996,630,negative
6.20663E+17,I love my life!,david47,1/29/2023 5:44,955,822,positive
8.76312E+17,I'm so upset right now.,sherryferguson,2/2/2023 20:45,575,674,negative
8.77712E+17,This is the best day ever!,qhiggins,4/2/2023 16:46,13,879,positive
4.47145E+17,I hate it when things don't go my way.,maryharper,4/19/2023 20:10,333,93,negative
3.97726E+17,I hate it when things don't go my way.,crystalnelson,3/20/2023 10:00,239,511,negative
5.38231E+17,I love my life!,englishalbert,2/12/2023 18:34,661,329,positive
1.29882E+17,I hate it when things don't go my way.,shannonchapman,3/4/2023 22:07,401,635,negative
1.20843E+17,Feeling grateful for my friends and family.,mdavenport,2/23/2023 20:17,709,959,positive
8.91542E+17,Feeling disappointed in myself.,shelly04,4/2/2023 2:46,553,869,negative
1.17616E+17,I hate it when things don't go my way.,timothy83,2/5/2023 21:49,106,824,negative
2.08529E+17,Just had lunch with a friend.,melissa89,1/30/2023 22:36,140,119,neutral
4.44401E+17,Just had lunch with a friend.,milleramy,2/18/2023 7:57,707,16,neutral
3.91668E+17,I love my life!,randymosley,4/9/2023 7:08,477,158,positive
7.03756E+17,Going for a walk in the park.,josephcain,3/11/2023 17:25,382,350,neutral
6.79295E+17,Feeling grateful for my friends and family.,oholland,2/12/2023 1:28,674,986,positive
2.7973E+17,I hate it when things don't go my way.,jason88,4/19/2023 5:59,531,556,negative
1.65098E+17,I love my life!,johnsonstephen,2/12/2023 6:12,56,620,positive
3.60801E+17,I love my life!,igiles,1/3/2023 4:03,188,905,positive
1.17779E+17,Feeling disappointed in myself.,teresa81,2/18/2023 16:11,442,380,negative
4.85041E+17,Watching a movie tonight.,randycollins,4/13/2023 19:31,528,41,neutral
8.71992E+17,I'm so upset right now.,nicolemadden,1/14/2023 4:16,256,380,negative
2.24271E+17,Feeling disappointed in myself.,marilynjuarez,3/14/2023 11:55,481,173,negative
1.12266E+17,This is the best day ever!,mferguson,3/18/2023 10:21,172,447,positive
1.08451E+17,I hate it when things don't go my way.,novaksuzanne,1/21/2023 17:12,305,225,negative
9.43866E+17,I love my life!,benjamin18,2/7/2023 19:03,331,2,positive
4.94075E+17,I hate it when things don't go my way.,javier25,1/5/2023 10:50,31,992,negative
2.93211E+17,I'm so upset right now.,htaylor,1/10/2023 23:53,667,166,negative
9.04176E+17,Watching a movie tonight.,joy28,3/25/2023 17:39,536,573,neutral
4.69027E+17,I'm so upset right now.,shelby84,4/11/2023 21:42,954,740,negative
7.7206E+17,Feeling grateful for my friends and family.,mannkatie,4/14/2023 22:54,10,989,positive
5.01618E+17,I love my life!,david69,2/6/2023 14:41,185,995,positive
7.56744E+17,This is the best day ever!,nicholas89,4/3/2023 11:55,289,963,positive
1.34005E+17,I hate it when things don't go my way.,katelyndelacruz,3/25/2023 18:59,1000,387,negative
1.79069E+17,This is the best day ever!,nicholeosborn,1/26/2023 2:45,701,60,positive
9.11267E+17,This is the best day ever!,raymondmitchell,3/24/2023 15:29,147,321,positive
5.53879E+17,Feeling disappointed in myself.,wilsonrandall,3/12/2023 14:35,956,136,negative
9.22694E+17,Just had lunch with a friend.,wareolivia,2/28/2023 9:19,938,333,neutral
7.53549E+17,I love my life!,zrichardson,3/9/2023 22:49,935,332,positive
1.61314E+17,Just had lunch with a friend.,anthony55,3/27/2023 21:01,578,575,neutral
9.06732E+17,This is the best day ever!,mramirez,1/20/2023 11:52,922,811,positive
5.20875E+17,I love my life!,elliottkevin,4/2/2023 8:16,973,947,positive
5.82027E+17,Feeling grateful for my friends and family.,marksandoval,3/9/2023 12:32,84,263,positive
5.92235E+17,I hate it when things don't go my way.,marilynlee,1/17/2023 4:08,562,716,negative
3.84302E+17,I hate it when things don't go my way.,nathan48,1/5/2023 17:23,188,149,negative
4.75122E+17,I'm so upset right now.,jmarsh,1/12/2023 9:06,127,456,negative
3.38548E+17,This is the best day ever!,annegardner,3/17/2023 16:56,538,656,positive
9.65984E+17,Watching a movie tonight.,brownalan,2/19/2023 13:37,197,423,neutral
4.28428E+17,Feeling disappointed in myself.,alyssaschmidt,4/22/2023 12:06,789,241,negative
6.85828E+17,Just had lunch with a friend.,catherinegibbs,1/4/2023 13:38,931,979,neutral
3.73041E+17,I love my life!,kenneththomas,1/31/2023 6:16,974,586,positive
3.4151E+17,This is the best day ever!,alexanderesparza,1/28/2023 8:40,856,400,positive
4.67196E+17,Feeling disappointed in myself.,fwilson,2/14/2023 4:14,354,914,negative
7.62547E+17,I hate it when things don't go my way.,qcooke,2/11/2023 4:49,619,242,negative
3.95604E+17,Going for a walk in the park.,wilsonpatrick,4/8/2023 3:12,356,399,neutral
1.48588E+17,I love my life!,adam47,2/13/2023 18:38,447,685,positive
2.36035E+17,Feeling grateful for my friends and family.,smithnicole,1/15/2023 9:13,172,757,positive
8.04648E+17,I love my life!,angie66,2/20/2023 4:51,681,758,positive
4.35774E+17,I love my life!,wigginsbernard,3/20/2023 10:44,617,817,positive
5.93573E+17,Feeling grateful for my friends and family.,qrangel,3/19/2023 22:53,64,378,positive
3.20821E+17,Feeling disappointed in myself.,virginia06,4/11/2023 12:56,687,668,negative
4.27899E+17,Feeling disappointed in myself.,alexis77,1/6/2023 14:08,363,532,negative
7.00053E+17,I hate it when things don't go my way.,ccross,3/1/2023 23:27,163,134,negative
9.60722E+17,I'm so upset right now.,bearddebra,4/3/2023 9:15,554,714,negative
3.21487E+17,This is the best day ever!,ericrobertson,4/15/2023 4:50,85,299,positive
2.35549E+17,Feeling disappointed in myself.,brandonhill,4/26/2023 13:27,678,539,negative
2.99212E+17,Feeling grateful for my friends and family.,emorgan,3/7/2023 7:22,871,790,positive
2.33247E+17,Just had lunch with a friend.,oobrien,4/3/2023 5:37,468,471,neutral
6.62176E+17,Feeling grateful for my friends and family.,bobbywalker,1/18/2023 5:24,742,961,positive
9.17168E+17,This is the best day ever!,helen11,4/16/2023 6:27,642,340,positive
6.61565E+17,I love my life!,stephensjohn,1/17/2023 8:40,561,666,positive
2.46008E+17,I hate it when things don't go my way.,nguyentim,4/5/2023 10:19,515,136,negative
7.98471E+17,This is the best day ever!,swalters,1/8/2023 17:26,992,780,positive
8.56735E+17,I'm so upset right now.,whitemanuel,3/22/2023 2:47,577,816,negative
1.88256E+17,Just had lunch with a friend.,thompsonmatthew,1/24/2023 14:37,180,610,neutral
5.25609E+17,I love my life!,darryl29,1/22/2023 12:10,872,710,positive
9.42307E+17,Feeling disappointed in myself.,fwebb,1/1/2023 0:24,1,527,negative
7.87246E+17,Feeling grateful for my friends and family.,andrewlong,4/2/2023 4:18,775,292,positive
9.65985E+17,Feeling disappointed in myself.,pvega,1/9/2023 11:17,0,35,negative
4.73202E+17,I hate it when things don't go my way.,berrydavid,1/31/2023 2:53,416,300,negative
4.67477E+17,Feeling disappointed in myself.,stevenhernandez,1/31/2023 22:58,432,555,negative
9.17815E+17,Going for a walk in the park.,christina07,3/29/2023 11:12,1,212,neutral
7.93271E+17,I hate it when things don't go my way.,gregoryteresa,1/12/2023 2:27,560,567,negative
2.67425E+17,Going for a walk in the park.,ruben11,3/11/2023 21:05,922,223,neutral
8.76972E+17,I hate it when things don't go my way.,lperry,4/6/2023 1:33,238,135,negative
2.02016E+17,Just had lunch with a friend.,johnscharles,4/3/2023 9:11,80,540,neutral
4.34768E+17,Watching a movie tonight.,elivingston,4/18/2023 7:37,853,959,neutral
9.12752E+17,This is the best day ever!,rdurham,4/4/2023 14:30,166,74,positive
3.52306E+17,Feeling disappointed in myself.,uwright,2/11/2023 20:09,13,337,negative
5.34062E+17,Feeling disappointed in myself.,perezmark,4/12/2023 2:08,233,358,negative
6.84043E+17,Watching a movie tonight.,jenniferjohnson,1/20/2023 12:19,351,912,neutral
5.39121E+17,This is the best day ever!,williamsrobin,3/14/2023 6:11,235,598,positive
8.42535E+17,This is the best day ever!,tlopez,2/4/2023 11:19,188,323,positive
4.54124E+17,I hate it when things don't go my way.,stephanieschmidt,1/3/2023 21:53,596,751,negative
4.8969E+17,Just had lunch with a friend.,phillipsmelissa,3/31/2023 20:10,16,879,neutral
6.07906E+17,Going for a walk in the park.,jeffreyfarrell,4/1/2023 4:59,561,659,neutral
5.7968E+17,I love my life!,reesealejandro,2/8/2023 10:23,622,327,positive
2.88974E+17,I'm so upset right now.,gomezbryan,1/22/2023 6:31,374,630,negative
1.12896E+17,Feeling grateful for my friends and family.,russell89,2/8/2023 8:05,114,667,positive
8.41023E+17,I'm so upset right now.,serranomegan,4/16/2023 11:06,489,959,negative
3.19159E+17,I hate it when things don't go my way.,wallermichael,3/3/2023 10:30,134,176,negative
6.74634E+17,Going for a walk in the park.,murphytina,2/28/2023 20:37,761,984,neutral
2.70786E+17,Watching a movie tonight.,victor70,3/1/2023 23:34,105,208,neutral
3.15313E+17,I hate it when things don't go my way.,briangarcia,1/20/2023 6:06,905,228,negative
9.7784E+17,This is the best day ever!,delgadoandrea,4/19/2023 14:39,736,669,positive
4.14566E+17,Feeling grateful for my friends and family.,debra09,2/2/2023 8:10,982,654,positive
6.67868E+17,Feeling disappointed in myself.,rebecca05,2/28/2023 11:13,255,716,negative
8.24799E+17,Feeling disappointed in myself.,kevinthompson,4/25/2023 4:24,255,812,negative
3.09018E+17,This is the best day ever!,zacharybryant,1/2/2023 7:59,956,763,positive
2.6283E+17,Going for a walk in the park.,katiewells,2/20/2023 2:13,973,1000,neutral
1.54449E+17,Watching a movie tonight.,uroth,1/27/2023 23:52,764,830,neutral
5.68204E+17,Feeling disappointed in myself.,jenniferbailey,3/22/2023 22:35,966,764,negative
1.44801E+17,I'm so upset right now.,brownpatrick,2/20/2023 7:27,118,782,negative
3.32307E+17,I hate it when things don't go my way.,christine54,4/21/2023 13:58,210,107,negative
2.01758E+17,This is the best day ever!,ecross,1/6/2023 3:34,30,775,positive
1.7611E+17,I'm so upset right now.,ewhite,2/21/2023 16:33,80,53,negative
5.8793E+17,I'm so upset right now.,amanda68,1/12/2023 18:03,151,841,negative
4.28773E+17,Feeling grateful for my friends and family.,stonekatherine,4/6/2023 8:52,904,251,positive
9.50688E+17,I hate it when things don't go my way.,olsonmolly,3/3/2023 20:56,660,848,negative
6.2893E+17,I hate it when things don't go my way.,mjohnson,1/6/2023 13:41,951,268,negative
4.96463E+17,Feeling grateful for my friends and family.,joseph21,3/23/2023 15:09,568,282,positive
8.95807E+17,This is the best day ever!,cramirez,1/10/2023 21:40,440,159,positive
7.53283E+17,I'm so upset right now.,campbellmichael,3/22/2023 2:04,201,492,negative
5.05994E+17,I'm so upset right now.,brian63,3/9/2023 4:01,727,771,negative
5.3546E+17,I'm so upset right now.,kimberlysantiago,1/7/2023 9:15,499,497,negative
3.09343E+17,Just had lunch with a friend.,llopez,4/16/2023 15:18,107,109,neutral
9.72868E+17,I hate it when things don't go my way.,brucegreene,3/22/2023 22:30,800,828,negative
3.87794E+17,I hate it when things don't go my way.,ualexander,2/20/2023 3:42,840,286,negative
4.83781E+17,Feeling grateful for my friends and family.,katelynsimmons,3/12/2023 12:10,946,443,positive
5.86625E+17,I love my life!,michael71,3/5/2023 0:26,659,616,positive
7.26086E+17,I love my life!,jacobbecker,3/27/2023 21:09,403,598,positive
2.83617E+17,Feeling disappointed in myself.,jacobsrachel,3/23/2023 5:00,987,823,negative
6.90335E+17,I'm so upset right now.,kschmidt,4/11/2023 1:56,317,425,negative
9.96181E+17,Feeling grateful for my friends and family.,gcollins,3/12/2023 0:36,309,625,positive
5.77404E+17,I hate it when things don't go my way.,teresa10,4/9/2023 23:09,687,40,negative
2.25532E+17,I'm so upset right now.,kellerdaniel,1/4/2023 23:28,886,464,negative
3.45015E+17,I love my life!,alexandraallen,2/14/2023 20:07,263,230,positive
9.74799E+17,Feeling grateful for my friends and family.,wmartin,2/6/2023 2:37,79,33,positive
5.3254E+17,Feeling disappointed in myself.,nmartin,3/31/2023 2:06,257,555,negative
7.96289E+17,I hate it when things don't go my way.,bschaefer,2/10/2023 20:41,712,48,negative
1.8264E+17,Just had lunch with a friend.,bruce65,1/23/2023 19:49,119,951,neutral
7.60513E+17,I hate it when things don't go my way.,tiffany49,2/23/2023 9:52,441,795,negative
6.26036E+17,I'm so upset right now.,jacquelinekirby,3/15/2023 16:17,631,648,negative
7.52866E+17,Just had lunch with a friend.,amy09,2/26/2023 13:58,142,844,neutral
7.50343E+17,Feeling grateful for my friends and family.,imiranda,1/17/2023 1:36,555,847,positive
4.72555E+17,Watching a movie tonight.,steven77,3/2/2023 21:43,940,226,neutral
6.46155E+17,Feeling grateful for my friends and family.,dillonwendy,1/7/2023 13:56,277,620,positive
6.18446E+17,I'm so upset right now.,larsontaylor,3/8/2023 15:09,776,666,negative
6.99081E+17,Just had lunch with a friend.,rclark,2/14/2023 19:21,328,33,neutral
1.3926E+17,This is the best day ever!,cannonnancy,3/16/2023 6:51,845,183,positive
8.6885E+17,Feeling grateful for my friends and family.,rayjessica,1/9/2023 15:16,749,114,positive
9.25028E+17,Going for a walk in the park.,rmartin,2/8/2023 22:13,745,108,neutral
4.84343E+17,I hate it when things don't go my way.,corey56,2/5/2023 14:53,199,438,negative
1.76821E+17,Feeling disappointed in myself.,coletheodore,3/11/2023 19:05,876,436,negative
1.8776E+17,Going for a walk in the park.,gloria55,3/20/2023 22:54,50,622,neutral
6.9821E+17,I hate it when things don't go my way.,patrick63,4/2/2023 12:27,512,415,negative
4.29322E+17,I love my life!,lwright,2/23/2023 9:47,820,821,positive
5.02412E+17,Feeling disappointed in myself.,holtkenneth,1/12/2023 20:01,831,931,negative
7.48816E+17,Feeling disappointed in myself.,cmitchell,2/3/2023 0:32,984,828,negative
3.14935E+17,I hate it when things don't go my way.,nlivingston,2/25/2023 12:54,953,331,negative
6.70071E+17,Just had lunch with a friend.,nathanmartin,3/7/2023 18:01,474,303,neutral
4.09245E+17,Watching a movie tonight.,hinesnina,4/7/2023 23:30,724,573,neutral
7.01626E+17,Going for a walk in the park.,ngregory,1/3/2023 23:51,770,836,neutral
7.55186E+17,Feeling disappointed in myself.,mark99,1/19/2023 3:26,111,978,negative
2.39829E+17,Watching a movie tonight.,yzimmerman,4/14/2023 15:17,641,395,neutral
8.48842E+17,I'm so upset right now.,jennifer73,4/3/2023 12:50,259,793,negative
1.06138E+17,This is the best day ever!,wendy91,4/5/2023 4:27,852,714,positive
8.22828E+17,This is the best day ever!,angelawalker,1/17/2023 11:03,313,985,positive
9.90205E+17,I love my life!,boothjoseph,4/25/2023 5:15,206,166,positive
9.23531E+17,I hate it when things don't go my way.,kguzman,4/15/2023 5:49,876,838,negative
3.28174E+17,Feeling disappointed in myself.,yjones,3/31/2023 22:23,25,298,negative
6.93005E+17,I love my life!,erinlucero,4/7/2023 10:41,527,628,positive
7.84407E+17,Watching a movie tonight.,jonesdustin,4/21/2023 11:10,516,83,neutral
1.23983E+17,I hate it when things don't go my way.,dcox,4/20/2023 22:48,352,523,negative
9.89056E+17,Just had lunch with a friend.,kristopherhale,3/28/2023 8:17,96,587,neutral
2.92166E+17,Going for a walk in the park.,david65,1/13/2023 13:16,518,258,neutral
3.44223E+17,Going for a walk in the park.,bpacheco,1/19/2023 9:03,545,269,neutral
3.80627E+17,I love my life!,megan15,4/2/2023 23:40,577,286,positive
2.36444E+17,Feeling disappointed in myself.,lorirojas,4/23/2023 9:40,75,690,negative
6.30417E+17,I'm so upset right now.,robert26,3/3/2023 14:32,54,629,negative
5.40744E+17,Feeling disappointed in myself.,williamsjohn,3/19/2023 14:34,982,591,negative
3.32472E+17,This is the best day ever!,iallen,3/31/2023 14:53,172,226,positive
9.71889E+17,Just had lunch with a friend.,johnfischer,3/8/2023 16:04,649,349,neutral
3.32427E+17,I hate it when things don't go my way.,charles88,2/2/2023 15:51,209,671,negative
3.14054E+17,I love my life!,christopher95,1/27/2023 10:48,427,397,positive
3.07979E+17,Feeling disappointed in myself.,valencialisa,1/4/2023 22:23,516,197,negative
2.07731E+17,I love my life!,anabauer,3/28/2023 12:43,314,871,positive
5.76473E+17,Going for a walk in the park.,kmontoya,1/9/2023 22:26,124,434,neutral
5.26337E+17,I'm so upset right now.,danieltran,1/25/2023 12:04,7,397,negative
5.24487E+17,This is the best day ever!,leelauren,4/1/2023 19:48,786,223,positive
2.88862E+17,This is the best day ever!,keithhorn,1/9/2023 0:15,39,375,positive
3.9735E+17,Going for a walk in the park.,christopherfrench,2/3/2023 13:55,836,373,neutral
2.98798E+17,I hate it when things don't go my way.,gsingleton,1/5/2023 0:20,722,74,negative
9.83324E+17,I hate it when things don't go my way.,richard28,3/29/2023 16:12,988,482,negative
2.98441E+17,Going for a walk in the park.,maureen30,3/2/2023 0:34,748,22,neutral
9.1773E+17,I hate it when things don't go my way.,timothyduncan,2/7/2023 22:13,21,310,negative
5.64225E+17,I hate it when things don't go my way.,brianmartinez,2/25/2023 13:36,423,757,negative
8.1859E+17,I hate it when things don't go my way.,pstephens,2/26/2023 13:44,410,489,negative
5.69958E+17,Watching a movie tonight.,tramos,2/10/2023 19:06,218,52,neutral
7.27973E+17,I hate it when things don't go my way.,tiffany79,2/12/2023 20:19,781,884,negative
2.56404E+17,Feeling disappointed in myself.,marcus44,2/19/2023 0:15,214,342,negative
9.37328E+17,I love my life!,tscott,2/12/2023 7:38,460,247,positive
9.36427E+17,Going for a walk in the park.,tcarr,2/19/2023 12:32,200,351,neutral
8.81347E+17,I love my life!,fbrown,4/4/2023 16:57,170,483,positive
4.1244E+17,I'm so upset right now.,qphillips,1/9/2023 1:39,466,24,negative
1.7873E+17,Feeling disappointed in myself.,grosssandra,4/18/2023 19:38,982,621,negative
9.79814E+17,Feeling grateful for my friends and family.,walkerjimmy,4/21/2023 16:53,706,997,positive
8.59837E+17,I hate it when things don't go my way.,sgraham,1/23/2023 15:43,547,946,negative
4.39753E+17,I hate it when things don't go my way.,8-Apr,1/13/2023 2:06,895,865,negative
1.05706E+17,Just had lunch with a friend.,cheryljones,3/16/2023 5:39,933,925,neutral
3.7606E+17,Feeling disappointed in myself.,mollypoole,3/5/2023 4:23,121,727,negative
9.4037E+17,I love my life!,ddavidson,1/29/2023 12:40,838,128,positive
7.6783E+17,I hate it when things don't go my way.,butlershannon,1/17/2023 14:00,700,530,negative
5.25501E+17,Just had lunch with a friend.,turnerjohn,1/9/2023 2:40,661,401,neutral
7.10516E+17,Feeling grateful for my friends and family.,floressamuel,1/4/2023 9:14,361,317,positive
8.70845E+17,This is the best day ever!,laurabarnes,1/13/2023 3:09,635,164,positive
8.13795E+17,I'm so upset right now.,jpalmer,2/19/2023 7:11,672,534,negative
3.28458E+17,Just had lunch with a friend.,abigail59,2/9/2023 14:38,389,675,neutral
3.67727E+17,This is the best day ever!,michaeloliver,1/24/2023 13:53,471,890,positive
8.34346E+17,This is the best day ever!,qvaughan,1/21/2023 9:44,419,507,positive
8.89365E+17,Just had lunch with a friend.,kbaker,1/10/2023 9:48,253,404,neutral
1.50772E+17,I love my life!,lisa55,4/14/2023 2:52,753,519,positive
5.27893E+17,Just had lunch with a friend.,wilsonderrick,1/6/2023 1:58,635,598,neutral
1.32844E+17,I'm so upset right now.,pcooper,4/5/2023 18:31,169,483,negative
1.12447E+17,I hate it when things don't go my way.,chelsea00,4/1/2023 6:01,759,114,negative
5.87613E+17,I hate it when things don't go my way.,lelliott,2/9/2023 9:39,738,485,negative
3.39151E+17,This is the best day ever!,edward35,4/23/2023 1:20,910,246,positive
9.22268E+17,I'm so upset right now.,davidgonzalez,4/24/2023 16:38,300,324,negative
7.34288E+17,I'm so upset right now.,ilindsey,1/6/2023 5:10,207,498,negative
9.05316E+17,Watching a movie tonight.,omyers,4/17/2023 9:02,945,637,neutral
8.56354E+17,This is the best day ever!,whitesamantha,1/12/2023 20:55,583,829,positive
2.39106E+17,Feeling grateful for my friends and family.,christopher04,1/23/2023 23:44,926,462,positive
7.71285E+17,I'm so upset right now.,franklinaudrey,4/6/2023 16:55,17,46,negative
5.24675E+17,Feeling disappointed in myself.,lisaleonard,4/27/2023 11:23,175,284,negative
6.7745E+17,Just had lunch with a friend.,sara77,2/21/2023 7:01,422,832,neutral
3.00674E+17,Feeling disappointed in myself.,rfaulkner,3/24/2023 3:44,783,829,negative
5.97115E+17,I'm so upset right now.,stevenandrade,4/13/2023 23:04,743,908,negative
9.40398E+17,I love my life!,sweeneynichole,1/2/2023 16:59,420,271,positive
5.40466E+17,Watching a movie tonight.,evan13,1/9/2023 4:42,285,677,neutral
4.31879E+17,Feeling disappointed in myself.,wallacejennifer,3/4/2023 14:45,935,151,negative
5.23053E+17,I hate it when things don't go my way.,igomez,1/19/2023 11:00,211,676,negative
9.44012E+17,I love my life!,evanskevin,3/26/2023 18:45,966,439,positive
6.43185E+17,I'm so upset right now.,jluna,4/5/2023 1:42,256,256,negative
5.8977E+17,I hate it when things don't go my way.,xbrock,1/19/2023 11:45,47,52,negative
6.345E+17,I love my life!,eparker,3/6/2023 20:30,825,617,positive
4.8447E+17,Feeling disappointed in myself.,fishermartha,1/3/2023 10:09,392,507,negative
2.97417E+17,Just had lunch with a friend.,hortondennis,4/14/2023 15:45,855,600,neutral
7.10993E+17,Going for a walk in the park.,lewismathew,2/14/2023 13:21,420,470,neutral
1.9717E+17,Just had lunch with a friend.,rpetersen,3/17/2023 6:01,664,970,neutral
6.48531E+17,Feeling disappointed in myself.,francis69,4/7/2023 9:54,13,744,negative
4.01667E+17,I love my life!,annette01,2/22/2023 15:57,298,136,positive
1.64529E+17,This is the best day ever!,michael25,4/26/2023 11:10,628,610,positive
6.45226E+17,I hate it when things don't go my way.,jennifer36,2/11/2023 16:33,356,576,negative
8.65966E+17,I hate it when things don't go my way.,brian58,4/4/2023 6:04,308,906,negative
2.89342E+17,I love my life!,halejared,4/24/2023 23:05,583,364,positive
1.88072E+17,I hate it when things don't go my way.,boothstephen,1/14/2023 20:32,665,764,negative
4.02887E+17,Feeling grateful for my friends and family.,sroach,4/10/2023 22:29,23,449,positive
8.29558E+17,Just had lunch with a friend.,millerevelyn,1/10/2023 3:30,39,261,neutral
6.22539E+17,I love my life!,mhernandez,2/14/2023 16:09,839,713,positive
9.54102E+17,I hate it when things don't go my way.,whitneyharris,3/23/2023 2:06,272,469,negative
1.04883E+17,I'm so upset right now.,fclay,4/9/2023 2:22,862,262,negative
1.08194E+17,I hate it when things don't go my way.,kristin09,3/30/2023 23:11,837,875,negative
3.25127E+17,I love my life!,elliskristy,2/21/2023 16:57,573,855,positive
2.34304E+17,Feeling disappointed in myself.,joshua06,3/31/2023 22:23,229,643,negative
4.24107E+17,I love my life!,ebullock,2/24/2023 10:24,725,823,positive
6.49629E+17,This is the best day ever!,brian47,3/30/2023 14:54,316,243,positive
4.20942E+17,I'm so upset right now.,virginiajohnson,1/21/2023 4:10,774,353,negative
8.67937E+17,I'm so upset right now.,bryanjones,4/16/2023 7:32,250,587,negative
6.35325E+17,Feeling grateful for my friends and family.,espinozaemily,2/19/2023 18:43,624,839,positive
5.61544E+17,I hate it when things don't go my way.,powerspatricia,1/1/2023 23:32,301,798,negative
5.84572E+17,This is the best day ever!,robertjordan,1/7/2023 10:25,824,641,positive
4.33812E+17,This is the best day ever!,donnayoung,2/10/2023 2:26,327,339,positive
3.41213E+17,I hate it when things don't go my way.,michaelirwin,2/3/2023 2:03,448,400,negative
1.85396E+17,I hate it when things don't go my way.,christina24,2/23/2023 8:47,508,875,negative
9.78653E+17,Just had lunch with a friend.,brownjoseph,1/28/2023 13:54,849,61,neutral
9.06706E+17,Going for a walk in the park.,angela42,3/5/2023 1:44,407,508,neutral
4.54866E+17,Feeling grateful for my friends and family.,hamptonjenna,1/13/2023 23:52,317,555,positive
8.92181E+17,Just had lunch with a friend.,pamelacarpenter,3/23/2023 14:41,464,612,neutral
8.90648E+17,This is the best day ever!,coryarnold,2/13/2023 3:39,221,693,positive
1.02099E+17,This is the best day ever!,dianesmith,2/12/2023 15:33,749,426,positive
9.71487E+17,Feeling disappointed in myself.,holmesmichelle,1/17/2023 10:30,184,632,negative
8.60847E+17,Feeling grateful for my friends and family.,christiangriffin,4/25/2023 0:13,440,978,positive
1.12467E+17,Feeling grateful for my friends and family.,knovak,3/26/2023 0:32,761,511,positive
5.89361E+17,I love my life!,michelle51,4/16/2023 13:59,579,149,positive
8.67835E+17,Going for a walk in the park.,zpowell,3/29/2023 22:39,892,412,neutral
3.74411E+17,I hate it when things don't go my way.,carolferguson,4/6/2023 8:14,341,909,negative
2.35742E+17,I hate it when things don't go my way.,flemingmariah,3/1/2023 19:16,816,49,negative
7.42521E+17,Feeling grateful for my friends and family.,williamsjulie,1/23/2023 12:01,160,91,positive
4.9915E+17,Feeling grateful for my friends and family.,dburke,1/20/2023 7:14,982,812,positive
3.73091E+17,I'm so upset right now.,agarcia,2/8/2023 0:19,665,688,negative
5.35022E+17,Just had lunch with a friend.,mercadoamy,4/2/2023 7:57,501,980,neutral
3.25503E+17,I love my life!,gibsonwilliam,3/31/2023 14:35,981,266,positive
9.71882E+17,Feeling disappointed in myself.,tnelson,4/20/2023 23:53,367,414,negative
8.00337E+17,I'm so upset right now.,cmorrow,3/30/2023 2:09,265,499,negative
5.61233E+17,Feeling disappointed in myself.,wongryan,3/21/2023 11:19,24,352,negative
5.87079E+17,Feeling grateful for my friends and family.,watsonshannon,3/9/2023 16:02,80,2,positive
2.47514E+17,I love my life!,samanthaking,4/23/2023 9:07,696,292,positive
2.30638E+17,Just had lunch with a friend.,johnsonheather,3/23/2023 4:48,558,189,neutral
1.04279E+17,Watching a movie tonight.,anthony54,3/10/2023 5:00,103,346,neutral
8.29669E+17,This is the best day ever!,gblack,1/19/2023 1:34,107,754,positive
8.2219E+17,I'm so upset right now.,denisebaker,3/21/2023 14:57,427,893,negative
1.90487E+17,Feeling disappointed in myself.,dianawalker,2/24/2023 20:28,83,475,negative
2.88925E+17,Feeling grateful for my friends and family.,chambersmichelle,3/4/2023 1:10,699,643,positive
3.52714E+17,I love my life!,katherine47,3/26/2023 3:32,130,778,positive
7.70873E+17,Going for a walk in the park.,tiffany07,3/16/2023 13:02,421,378,neutral
6.95846E+17,Watching a movie tonight.,christineorozco,2/26/2023 22:32,988,875,neutral
1.00778E+17,I love my life!,lwhitney,2/2/2023 21:17,927,204,positive
8.04606E+17,Feeling disappointed in myself.,lmurray,1/22/2023 10:58,655,481,negative
2.63718E+17,I'm so upset right now.,snyderedward,2/7/2023 20:02,513,325,negative
8.96715E+17,Feeling grateful for my friends and family.,johnsonbilly,3/12/2023 19:52,217,967,positive
8.46111E+17,Feeling disappointed in myself.,turnerelizabeth,2/1/2023 8:02,399,606,negative
9.46007E+17,Watching a movie tonight.,nicolethornton,2/24/2023 1:25,121,626,neutral
5.95745E+17,Feeling disappointed in myself.,cartercharles,2/20/2023 23:25,81,109,negative
4.12977E+17,I'm so upset right now.,victoria88,4/7/2023 12:33,146,19,negative
6.70002E+17,I hate it when things don't go my way.,xbrown,1/24/2023 21:53,679,796,negative
2.09427E+17,Feeling grateful for my friends and family.,garciathomas,4/23/2023 7:56,878,131,positive
5.02182E+17,This is the best day ever!,ofuentes,1/30/2023 12:09,962,4,positive
4.05987E+17,I'm so upset right now.,ryan87,1/19/2023 12:11,512,885,negative
8.47453E+17,I'm so upset right now.,kristen97,3/30/2023 9:56,346,553,negative
8.40187E+17,Feeling grateful for my friends and family.,travisstone,2/5/2023 22:20,916,834,positive
7.62109E+17,Feeling disappointed in myself.,swansonbecky,4/16/2023 6:12,603,964,negative
9.35519E+17,Going for a walk in the park.,lucerojennifer,3/28/2023 12:29,638,936,neutral
1.57289E+17,Feeling disappointed in myself.,umoran,3/18/2023 21:30,140,582,negative
2.89705E+17,This is the best day ever!,jfields,2/21/2023 10:32,619,435,positive
3.03397E+17,I hate it when things don't go my way.,cannonbrittany,4/4/2023 1:33,422,963,negative
9.33922E+17,Feeling disappointed in myself.,tpugh,4/22/2023 15:50,157,429,negative
8.42478E+17,Watching a movie tonight.,andrewmiller,2/13/2023 17:26,365,358,neutral
1.32494E+17,I'm so upset right now.,katherine00,3/16/2023 5:32,548,358,negative
7.49889E+17,This is the best day ever!,mhenry,1/7/2023 9:48,786,471,positive
5.77671E+17,Watching a movie tonight.,gibsonmichael,2/25/2023 12:08,405,810,neutral
1.68249E+17,This is the best day ever!,sbell,1/10/2023 20:03,509,711,positive
7.28582E+17,I hate it when things don't go my way.,reillytanner,2/19/2023 22:27,61,467,negative
4.6202E+17,I'm so upset right now.,jonathancarter,1/9/2023 11:53,4,294,negative
9.14741E+17,Watching a movie tonight.,lindsay14,4/20/2023 7:57,279,836,neutral
1.29274E+17,Going for a walk in the park.,ndorsey,1/29/2023 4:21,481,540,neutral
8.54549E+17,Going for a walk in the park.,johnsonallen,2/12/2023 14:42,490,585,neutral
2.86305E+17,Watching a movie tonight.,nlee,3/19/2023 15:54,588,845,neutral
6.65338E+17,I hate it when things don't go my way.,amyleonard,4/12/2023 5:23,737,800,negative
8.17612E+17,I love my life!,rallen,4/12/2023 19:31,538,330,positive
4.78074E+17,I love my life!,adam71,1/24/2023 19:14,327,228,positive
4.73711E+17,Just had lunch with a friend.,cholmes,3/10/2023 6:07,130,273,neutral
5.6979E+17,I hate it when things don't go my way.,mooretheresa,3/5/2023 11:31,278,831,negative
7.86377E+17,I'm so upset right now.,tiffany76,2/18/2023 19:45,694,987,negative
9.81739E+17,Going for a walk in the park.,fbrown,1/14/2023 15:29,884,643,neutral
3.74901E+17,This is the best day ever!,derek74,1/31/2023 20:35,198,130,positive
1.73371E+17,Watching a movie tonight.,brian97,3/8/2023 16:07,516,162,neutral
3.69213E+17,I hate it when things don't go my way.,cbond,4/26/2023 4:44,483,162,negative
4.93004E+17,Just had lunch with a friend.,gross,4/15/2023 9:19,123,365,neutral
9.21246E+17,I'm so upset right now.,keith96,2/27/2023 17:59,33,777,negative
6.61302E+17,I'm so upset right now.,payneheather,2/3/2023 6:10,173,982,negative
3.41519E+17,Just had lunch with a friend.,prestonchristopher,1/19/2023 22:40,388,182,neutral
3.89107E+17,I'm so upset right now.,nmurphy,4/1/2023 4:59,80,263,negative
1.60465E+17,Feeling disappointed in myself.,justinmcdonald,1/31/2023 0:08,869,986,negative
4.67115E+17,I'm so upset right now.,matthewswhitney,2/11/2023 18:34,830,114,negative
7.52481E+17,I hate it when things don't go my way.,jenniferkeller,3/7/2023 16:34,360,959,negative
5.46778E+17,Going for a walk in the park.,mitchellrodney,3/19/2023 0:28,505,902,neutral
2.41488E+17,I hate it when things don't go my way.,ericapalmer,1/9/2023 4:46,652,750,negative
2.4229E+17,Going for a walk in the park.,timothyrose,1/16/2023 1:24,757,147,neutral
5.86642E+17,This is the best day ever!,marisa46,1/28/2023 13:38,690,32,positive
8.35286E+17,Going for a walk in the park.,anthonyglass,2/6/2023 14:46,464,630,neutral
8.72305E+17,Just had lunch with a friend.,tcarlson,4/16/2023 5:27,770,150,neutral
8.34406E+17,I hate it when things don't go my way.,victoriakennedy,4/23/2023 6:05,198,107,negative
3.37249E+17,I hate it when things don't go my way.,johnvasquez,1/20/2023 1:49,890,299,negative
8.04388E+17,Feeling disappointed in myself.,lmercer,3/24/2023 22:30,140,476,negative
8.84573E+17,I'm so upset right now.,hramirez,1/19/2023 18:38,503,984,negative
1.33158E+17,Going for a walk in the park.,wellsstephen,4/8/2023 6:40,392,357,neutral
9.08897E+17,This is the best day ever!,amckinney,2/15/2023 13:37,379,422,positive
8.439E+17,I love my life!,alicia89,1/31/2023 12:19,920,88,positive
4.57143E+17,This is the best day ever!,nicolejimenez,3/25/2023 15:50,399,436,positive
7.59046E+17,Just had lunch with a friend.,xadkins,2/16/2023 23:02,640,649,neutral
2.32464E+17,Just had lunch with a friend.,dbranch,1/12/2023 10:08,440,5,neutral
9.53245E+17,I'm so upset right now.,tracy39,4/7/2023 13:41,253,266,negative
2.33137E+17,I hate it when things don't go my way.,smithashley,2/28/2023 4:36,32,133,negative
3.11955E+17,Feeling disappointed in myself.,vstark,2/12/2023 18:55,891,854,negative
7.71351E+17,Just had lunch with a friend.,mmorris,3/5/2023 19:01,15,345,neutral
1.42689E+17,I hate it when things don't go my way.,jennifer28,1/21/2023 18:03,250,149,negative
5.69957E+17,This is the best day ever!,yking,4/2/2023 18:57,244,81,positive
3.72326E+17,Going for a walk in the park.,tracymurray,1/4/2023 2:35,433,582,neutral
8.86048E+17,I'm so upset right now.,kristine17,1/1/2023 21:25,227,11,negative
2.31367E+17,This is the best day ever!,ooneal,1/13/2023 9:09,86,301,positive
7.1518E+17,Just had lunch with a friend.,dcochran,1/29/2023 11:04,250,517,neutral
2.93027E+17,I hate it when things don't go my way.,drobinson,2/1/2023 8:19,790,727,negative
3.53999E+17,I love my life!,marymorris,3/20/2023 5:05,522,775,positive
9.88229E+17,I'm so upset right now.,williamssherri,2/13/2023 23:46,516,975,negative
4.29382E+17,Watching a movie tonight.,thomasmckee,2/16/2023 17:33,279,41,neutral
7.67544E+17,I'm so upset right now.,timothywalsh,1/6/2023 15:22,884,167,negative
3.53549E+17,I love my life!,vjennings,4/13/2023 7:03,127,200,positive
2.43366E+17,I'm so upset right now.,umahoney,4/12/2023 18:49,927,210,negative
9.82676E+17,I'm so upset right now.,juanmichael,1/11/2023 12:02,886,579,negative
5.37526E+17,I'm so upset right now.,sheri14,1/16/2023 6:26,113,402,negative
9.71298E+17,Going for a walk in the park.,mariathomas,1/21/2023 9:49,775,18,neutral
7.70882E+17,This is the best day ever!,jasonmiller,4/7/2023 15:09,382,39,positive
8.83409E+17,I'm so upset right now.,wsmith,4/26/2023 21:15,649,537,negative
3.54385E+17,I'm so upset right now.,ernest66,2/2/2023 23:14,310,482,negative
9.82477E+17,I hate it when things don't go my way.,boltonalexander,4/26/2023 8:52,985,171,negative
7.9542E+17,I'm so upset right now.,amber12,4/9/2023 15:56,31,534,negative
1.60675E+17,Feeling disappointed in myself.,odavis,1/3/2023 9:40,710,708,negative
8.65623E+17,Feeling grateful for my friends and family.,castanedaangela,4/5/2023 4:39,842,929,positive
5.39746E+17,I hate it when things don't go my way.,xdaniels,3/13/2023 15:09,176,668,negative
4.93192E+17,Just had lunch with a friend.,sethallen,3/5/2023 21:53,695,22,neutral
5.37313E+17,Feeling grateful for my friends and family.,tina22,1/17/2023 6:09,181,385,positive
5.3766E+17,This is the best day ever!,dwaynemorris,3/7/2023 23:12,707,891,positive
9.8118E+17,Going for a walk in the park.,thomasjessica,3/6/2023 10:09,655,144,neutral
6.95041E+17,I'm so upset right now.,jfernandez,1/26/2023 6:55,166,792,negative
9.56097E+17,I'm so upset right now.,portermark,2/15/2023 12:10,382,298,negative
5.34342E+17,I'm so upset right now.,janefox,4/15/2023 0:43,951,913,negative
7.82879E+17,I hate it when things don't go my way.,jaclynhenry,2/7/2023 11:07,976,491,negative
1.48089E+17,I hate it when things don't go my way.,rhernandez,3/25/2023 18:31,96,554,negative
8.33647E+17,Going for a walk in the park.,mallorywhite,4/18/2023 4:57,392,870,neutral
2.56056E+17,Feeling grateful for my friends and family.,kingtheresa,4/3/2023 8:24,209,811,positive
6.64561E+17,This is the best day ever!,diana13,2/28/2023 1:57,919,95,positive
1.41582E+17,Going for a walk in the park.,jameshiggins,1/23/2023 2:09,737,891,neutral
4.7686E+17,I love my life!,hannah46,4/10/2023 19:28,980,536,positive
5.09801E+17,Going for a walk in the park.,kathleen37,3/22/2023 18:54,932,488,neutral
5.13977E+17,I hate it when things don't go my way.,watsonloretta,1/2/2023 0:40,656,297,negative
7.29947E+17,This is the best day ever!,meyeraudrey,3/31/2023 10:02,717,825,positive
8.8189E+17,Feeling disappointed in myself.,donwebb,2/9/2023 2:15,272,895,negative
2.38173E+17,I'm so upset right now.,bwhite,1/10/2023 12:45,609,587,negative
2.78127E+17,Going for a walk in the park.,baileyrhonda,3/7/2023 19:14,370,398,neutral
4.50797E+17,I hate it when things don't go my way.,williamsnicole,4/20/2023 5:22,373,539,negative
7.5422E+17,This is the best day ever!,kayleerodgers,3/15/2023 4:09,822,93,positive
7.60978E+17,I love my life!,jessicamaxwell,4/14/2023 12:39,158,819,positive
6.98526E+17,Feeling disappointed in myself.,albert15,3/19/2023 8:36,286,323,negative
8.54085E+17,Feeling disappointed in myself.,sosawhitney,2/24/2023 16:11,724,815,negative
2.9353E+17,Just had lunch with a friend.,townsendrhonda,2/12/2023 1:55,289,17,neutral
1.34068E+17,I hate it when things don't go my way.,robertwashington,2/10/2023 1:10,267,610,negative
2.2194E+17,I love my life!,crystal88,1/25/2023 8:54,843,50,positive
4.17025E+17,This is the best day ever!,ronald31,1/17/2023 4:47,482,11,positive
5.91055E+17,I hate it when things don't go my way.,tjones,4/16/2023 21:28,264,149,negative
2.99916E+17,I'm so upset right now.,tthomas,1/25/2023 2:18,881,602,negative
7.9545E+17,Feeling disappointed in myself.,amyfisher,2/18/2023 16:19,331,233,negative
9.32822E+17,Feeling disappointed in myself.,youngfrancisco,3/9/2023 9:44,946,142,negative
3.33848E+17,Feeling disappointed in myself.,millermichael,3/21/2023 10:36,369,125,negative
3.98362E+17,Just had lunch with a friend.,chandlershannon,1/24/2023 14:00,459,534,neutral
4.73763E+17,I love my life!,stephanieblair,4/18/2023 4:16,442,381,positive
5.99624E+17,I love my life!,mkeller,3/6/2023 3:56,162,432,positive
4.02395E+17,Feeling disappointed in myself.,amandaweiss,1/17/2023 12:03,870,940,negative
8.53117E+17,Feeling grateful for my friends and family.,tsims,3/8/2023 5:51,717,559,positive
6.48573E+17,Feeling disappointed in myself.,jbest,2/26/2023 7:37,979,354,negative
2.6061E+17,I hate it when things don't go my way.,wsimmons,1/22/2023 11:01,705,278,negative
6.0531E+17,Watching a movie tonight.,wilkersoncarlos,3/3/2023 23:44,704,222,neutral
5.60662E+17,Feeling grateful for my friends and family.,chambersderrick,2/1/2023 7:09,518,282,positive
2.3007E+17,Feeling disappointed in myself.,susanherman,4/15/2023 18:43,884,890,negative
4.85744E+17,Feeling disappointed in myself.,afrazier,4/18/2023 23:26,972,416,negative
3.39224E+17,Going for a walk in the park.,debra35,4/25/2023 12:04,22,547,neutral
7.82964E+17,Feeling disappointed in myself.,deborahmclaughlin,3/8/2023 0:19,780,833,negative
7.65027E+17,I hate it when things don't go my way.,armstrongmary,4/26/2023 2:36,947,577,negative
8.93833E+17,I hate it when things don't go my way.,cjones,2/4/2023 12:21,313,649,negative
8.65622E+17,I hate it when things don't go my way.,diane55,2/19/2023 15:36,580,15,negative
1.93978E+17,Feeling grateful for my friends and family.,rileymatthew,4/22/2023 6:07,678,972,positive
6.22894E+17,This is the best day ever!,kenneth33,1/3/2023 6:39,678,492,positive
4.37941E+17,I love my life!,vhayes,3/28/2023 7:48,807,515,positive
3.26743E+17,Feeling disappointed in myself.,hannahmorrow,2/3/2023 3:55,792,818,negative
2.93285E+17,Going for a walk in the park.,jeremy16,3/11/2023 10:04,666,311,neutral
7.53396E+17,This is the best day ever!,howardjessica,1/12/2023 23:44,607,904,positive
5.31766E+17,I hate it when things don't go my way.,ksimmons,1/21/2023 23:14,322,488,negative
7.89722E+17,I love my life!,alvaradomatthew,1/23/2023 3:54,510,867,positive
7.6199E+17,This is the best day ever!,dramirez,4/7/2023 19:12,466,988,positive
8.03194E+17,Going for a walk in the park.,brandibarron,4/21/2023 19:28,48,794,neutral
1.23467E+17,I'm so upset right now.,epearson,2/4/2023 9:21,302,570,negative
4.63902E+17,I love my life!,kendra01,1/27/2023 17:26,733,760,positive
8.42696E+17,This is the best day ever!,amandahernandez,3/14/2023 9:32,725,223,positive
9.95073E+17,Feeling disappointed in myself.,alexandersimpson,2/20/2023 12:32,931,687,negative
6.77536E+17,Feeling grateful for my friends and family.,peterbowers,2/9/2023 6:23,264,494,positive
6.51804E+17,I'm so upset right now.,marktodd,1/8/2023 18:09,298,31,negative
9.66681E+17,Going for a walk in the park.,elizabeth55,4/1/2023 22:58,328,237,neutral
8.2211E+17,I hate it when things don't go my way.,rebeccarice,3/21/2023 2:23,246,836,negative
1.75453E+17,Feeling disappointed in myself.,elizabethrush,4/5/2023 6:43,598,588,negative
2.8823E+17,Watching a movie tonight.,meganchang,2/3/2023 17:55,720,87,neutral
3.91841E+17,Feeling grateful for my friends and family.,briggspatrick,2/13/2023 17:38,52,492,positive
8.37848E+17,Feeling grateful for my friends and family.,fpayne,1/10/2023 2:55,752,926,positive
8.71164E+17,This is the best day ever!,debraphillips,4/5/2023 23:01,277,888,positive
4.00246E+17,Feeling disappointed in myself.,iballard,4/5/2023 1:05,792,463,negative
1.12209E+17,Watching a movie tonight.,lori63,1/1/2023 6:47,572,528,neutral
8.95161E+17,Watching a movie tonight.,browntrevor,3/5/2023 10:03,197,986,neutral
1.05855E+17,Watching a movie tonight.,connerkylie,4/26/2023 2:30,968,422,neutral
6.30588E+17,I'm so upset right now.,robinperry,3/10/2023 14:20,886,878,negative
9.77777E+17,Feeling disappointed in myself.,gordonbrandon,2/1/2023 11:04,780,433,negative
2.78085E+17,Feeling grateful for my friends and family.,sschmidt,4/2/2023 13:50,181,683,positive
1.35979E+17,Watching a movie tonight.,cristian67,4/15/2023 9:10,228,453,neutral
6.91549E+17,Going for a walk in the park.,dunlapronald,2/18/2023 13:00,516,909,neutral
5.39607E+17,I hate it when things don't go my way.,shannon79,3/16/2023 11:01,512,325,negative
4.7044E+17,Watching a movie tonight.,kochandrew,3/29/2023 1:28,535,914,neutral
9.493E+17,Feeling disappointed in myself.,andrew43,2/10/2023 5:00,597,148,negative
2.70018E+17,I'm so upset right now.,jennifer51,4/21/2023 15:21,61,259,negative
7.52295E+17,I'm so upset right now.,bburton,4/3/2023 3:35,355,406,negative
4.43948E+17,Feeling disappointed in myself.,ffitzpatrick,3/19/2023 5:30,675,759,negative
8.78166E+17,I'm so upset right now.,murphytimothy,2/23/2023 2:59,682,728,negative
8.77878E+17,I love my life!,acampbell,4/10/2023 9:36,99,441,positive
2.4948E+17,Just had lunch with a friend.,grahamrachael,1/7/2023 20:54,500,899,neutral
7.57286E+17,Feeling disappointed in myself.,tkeller,3/14/2023 21:22,683,534,negative
1.5081E+17,I hate it when things don't go my way.,anthonyliu,1/9/2023 23:09,204,10,negative
9.25744E+17,Feeling disappointed in myself.,timothyholloway,4/24/2023 5:16,812,577,negative
1.38416E+17,I love my life!,murphydarrell,2/19/2023 18:54,884,898,positive
2.10335E+17,This is the best day ever!,mcintoshmatthew,2/20/2023 3:27,108,229,positive
6.46355E+17,Feeling grateful for my friends and family.,jacob03,3/23/2023 14:05,378,65,positive
3.72955E+17,This is the best day ever!,bentleyallison,1/14/2023 1:45,987,143,positive
8.49747E+17,I'm so upset right now.,jennajohnson,4/11/2023 4:23,508,840,negative
7.18859E+17,I'm so upset right now.,james10,2/22/2023 4:35,926,441,negative
5.94353E+17,Feeling disappointed in myself.,amiller,2/20/2023 19:37,609,337,negative
2.44166E+17,Just had lunch with a friend.,patriciacollins,3/25/2023 0:25,47,632,neutral
4.72012E+17,I hate it when things don't go my way.,hernandezelizabeth,2/20/2023 14:12,840,307,negative
4.00104E+17,This is the best day ever!,nkelly,3/24/2023 9:08,994,636,positive
9.62032E+17,I'm so upset right now.,hesterjennifer,3/27/2023 18:54,158,589,negative
9.26485E+17,I'm so upset right now.,asimpson,4/5/2023 17:16,48,542,negative
4.35713E+17,I'm so upset right now.,christopher48,3/29/2023 9:45,846,665,negative
7.43112E+17,I hate it when things don't go my way.,rodriguezdaniel,1/15/2023 16:30,855,636,negative
9.27282E+17,Watching a movie tonight.,baldwinholly,1/5/2023 2:57,742,616,neutral
9.96196E+17,Watching a movie tonight.,jennifer25,2/2/2023 22:49,269,625,neutral
5.11638E+17,Watching a movie tonight.,uanderson,3/18/2023 20:32,12,362,neutral
7.57593E+17,Feeling disappointed in myself.,laura06,2/26/2023 16:11,684,737,negative
5.29344E+17,I love my life!,alyssa70,3/22/2023 1:37,895,995,positive
3.4863E+17,This is the best day ever!,masseykevin,4/2/2023 6:15,239,160,positive
3.58873E+17,Feeling grateful for my friends and family.,michellebrown,4/1/2023 23:57,404,969,positive
6.17821E+17,Feeling disappointed in myself.,marcushoward,4/17/2023 8:37,209,524,negative
8.70209E+17,I'm so upset right now.,ibradshaw,3/11/2023 8:54,792,693,negative
9.48439E+17,I love my life!,michaelwhite,3/23/2023 8:59,100,210,positive
4.04792E+17,I love my life!,brian83,4/22/2023 13:20,168,379,positive
4.07838E+17,Going for a walk in the park.,harriskyle,1/18/2023 16:56,813,459,neutral
5.20662E+17,Going for a walk in the park.,mariemorse,4/17/2023 7:07,764,869,neutral
1.2045E+17,Feeling grateful for my friends and family.,qjames,4/11/2023 11:23,336,1000,positive
3.02191E+17,I hate it when things don't go my way.,harrisrobert,3/12/2023 14:36,527,720,negative
9.62038E+17,I love my life!,jeanettesingleton,2/8/2023 18:55,814,558,positive
4.45596E+17,Watching a movie tonight.,chanelizabeth,4/3/2023 12:27,740,17,neutral
6.7621E+17,I hate it when things don't go my way.,john60,3/28/2023 7:44,656,595,negative
6.13941E+17,Feeling grateful for my friends and family.,lydiacruz,4/26/2023 1:23,218,826,positive
9.42396E+17,I hate it when things don't go my way.,andreaharris,3/18/2023 11:08,180,90,negative
9.01276E+17,I hate it when things don't go my way.,joshuahogan,3/24/2023 20:22,71,247,negative
9.31452E+17,Just had lunch with a friend.,timothy36,2/13/2023 12:30,888,810,neutral
7.44794E+17,I hate it when things don't go my way.,uestrada,1/24/2023 23:09,106,604,negative
9.91704E+17,Feeling disappointed in myself.,michaelwilliams,3/26/2023 0:11,775,919,negative
4.83157E+17,This is the best day ever!,vroberts,3/9/2023 21:30,946,933,positive
7.41382E+17,This is the best day ever!,heathersmith,3/28/2023 9:54,59,781,positive
2.43042E+17,Just had lunch with a friend.,whardy,3/21/2023 23:04,869,603,neutral
3.56427E+17,Feeling grateful for my friends and family.,gary26,1/6/2023 18:31,323,387,positive
5.02242E+17,Feeling grateful for my friends and family.,webbkerri,3/10/2023 6:42,624,647,positive
2.47357E+17,I love my life!,ryanpeter,1/11/2023 5:22,334,266,positive
1.89836E+17,Watching a movie tonight.,brianvillarreal,4/14/2023 0:07,779,605,neutral
3.21563E+17,This is the best day ever!,amandavillanueva,4/4/2023 9:36,996,796,positive
3.42282E+17,Feeling grateful for my friends and family.,tammy32,2/21/2023 18:53,270,242,positive
1.24915E+17,Feeling disappointed in myself.,jeremyanderson,4/21/2023 1:27,232,635,negative
6.99832E+17,I hate it when things don't go my way.,longdylan,4/1/2023 12:41,47,970,negative
7.61951E+17,I love my life!,varias,4/16/2023 13:52,785,273,positive
8.69088E+17,Feeling grateful for my friends and family.,guerrasara,1/17/2023 18:40,730,641,positive
8.89052E+17,Watching a movie tonight.,swang,3/3/2023 2:07,53,268,neutral
6.48937E+17,I'm so upset right now.,uwoods,4/18/2023 12:28,794,79,negative
6.7933E+17,I love my life!,austin65,2/2/2023 20:27,341,622,positive
7.56818E+17,I love my life!,fieldslauren,3/22/2023 8:05,790,219,positive
2.24952E+17,Going for a walk in the park.,andreavasquez,1/16/2023 9:43,416,736,neutral
8.08708E+17,I hate it when things don't go my way.,imercer,4/3/2023 3:11,391,975,negative
2.16461E+17,Just had lunch with a friend.,sharon32,3/16/2023 10:10,904,35,neutral
2.27475E+17,Going for a walk in the park.,aliciamyers,1/13/2023 10:40,278,832,neutral
4.19499E+17,Going for a walk in the park.,rfisher,1/16/2023 20:56,546,353,neutral
3.47153E+17,Just had lunch with a friend.,susanjones,4/10/2023 14:49,854,605,neutral
9.61962E+17,This is the best day ever!,steven29,4/13/2023 20:49,136,114,positive
1.63776E+17,This is the best day ever!,rcoleman,1/28/2023 22:58,774,502,positive
7.25653E+17,I'm so upset right now.,fjacobs,1/25/2023 7:44,202,732,negative
8.47016E+17,Watching a movie tonight.,gracebuckley,2/8/2023 6:23,372,789,neutral
5.1452E+17,Feeling disappointed in myself.,breannaspencer,2/10/2023 20:59,258,610,negative
8.52089E+17,Going for a walk in the park.,daniel44,4/10/2023 21:00,223,682,neutral
5.55977E+17,I hate it when things don't go my way.,ekeller,1/14/2023 1:51,913,14,negative
6.06376E+17,I love my life!,ugolden,2/20/2023 18:52,209,584,positive
4.4506E+17,Feeling grateful for my friends and family.,jacksonmichael,4/22/2023 12:33,682,951,positive
6.06603E+17,Feeling disappointed in myself.,ngreen,2/9/2023 7:32,762,580,negative
4.54091E+17,I'm so upset right now.,vicki30,1/28/2023 2:27,766,856,negative
6.31471E+17,Feeling grateful for my friends and family.,oflynn,2/6/2023 18:56,418,962,positive
9.97235E+17,Feeling grateful for my friends and family.,sarahlara,4/22/2023 22:21,227,176,positive
7.78416E+17,Feeling disappointed in myself.,yhubbard,2/18/2023 7:54,833,768,negative
5.07277E+17,I love my life!,jonathan85,4/5/2023 10:41,865,240,positive
4.06793E+17,This is the best day ever!,amythomas,4/9/2023 6:13,542,327,positive
9.89472E+17,I love my life!,kalvarado,1/13/2023 15:25,330,396,positive
9.96749E+17,Just had lunch with a friend.,garzaglen,4/1/2023 10:12,165,660,neutral
6.34999E+17,I love my life!,Mar-41,1/28/2023 17:11,884,626,positive
1.47688E+17,I love my life!,martinapril,2/1/2023 18:14,112,180,positive
2.98197E+17,This is the best day ever!,omontoya,3/10/2023 23:20,665,283,positive
2.20835E+17,Feeling grateful for my friends and family.,ubarker,1/16/2023 17:50,341,460,positive
3.49081E+17,I'm so upset right now.,wdalton,3/23/2023 19:56,725,220,negative
9.06987E+17,Feeling disappointed in myself.,timothy93,4/20/2023 13:34,633,464,negative
5.95375E+17,I love my life!,whitneysharp,4/24/2023 14:57,975,448,positive
9.20216E+17,I hate it when things don't go my way.,peggy44,2/24/2023 9:26,668,282,negative
8.98682E+17,Watching a movie tonight.,christian80,2/9/2023 17:40,965,129,neutral
9.27964E+17,Feeling disappointed in myself.,james48,4/23/2023 13:15,959,938,negative
4.46982E+17,Going for a walk in the park.,andrew60,3/27/2023 9:46,892,776,neutral
2.25174E+17,I love my life!,allisonfreeman,1/10/2023 20:23,200,965,positive
2.19687E+17,Feeling disappointed in myself.,yanderson,3/4/2023 3:00,955,26,negative
8.81446E+17,Going for a walk in the park.,omcgee,2/2/2023 18:17,187,86,neutral
5.7047E+17,I love my life!,clarkbilly,4/6/2023 2:39,683,491,positive
9.59737E+17,I love my life!,joy51,2/10/2023 2:27,379,746,positive
1.11906E+17,I hate it when things don't go my way.,adkinsbrent,4/12/2023 23:06,952,611,negative
3.69819E+17,Feeling disappointed in myself.,zshaffer,4/11/2023 17:27,412,434,negative
2.77275E+17,Going for a walk in the park.,hornerichard,4/13/2023 7:46,18,824,neutral
9.93311E+17,Feeling disappointed in myself.,nicoleanderson,1/8/2023 8:04,990,32,negative
3.05573E+17,Watching a movie tonight.,natalie12,2/12/2023 23:49,415,476,neutral
7.59471E+17,Watching a movie tonight.,phillipblevins,4/19/2023 8:21,825,747,neutral
9.16868E+17,I love my life!,davidbenson,1/22/2023 12:09,251,752,positive
5.40623E+17,This is the best day ever!,douglasholly,4/2/2023 19:48,769,23,positive
9.60893E+17,I love my life!,acampbell,2/2/2023 1:30,679,703,positive
3.88985E+17,Feeling grateful for my friends and family.,sgreen,1/19/2023 3:29,104,34,positive
5.36073E+17,Feeling grateful for my friends and family.,nicole19,3/29/2023 1:21,185,774,positive
1.62688E+17,Watching a movie tonight.,gloriaramirez,1/20/2023 10:50,382,677,neutral
8.88276E+17,I love my life!,tracylyons,4/7/2023 20:44,356,269,positive
2.638E+17,Feeling disappointed in myself.,sbrown,1/10/2023 1:05,655,877,negative
3.26906E+17,Feeling grateful for my friends and family.,fpineda,4/10/2023 12:44,251,838,positive
7.14266E+17,Feeling disappointed in myself.,igarcia,2/9/2023 6:02,899,332,negative
2.24674E+17,I'm so upset right now.,codyriley,3/1/2023 16:00,127,820,negative
5.50745E+17,Just had lunch with a friend.,qfisher,1/11/2023 4:09,782,378,neutral
4.40628E+17,Going for a walk in the park.,tpeterson,2/8/2023 10:35,376,229,neutral
3.54664E+17,I'm so upset right now.,allisonhopkins,2/3/2023 2:52,853,14,negative
9.1412E+17,Feeling grateful for my friends and family.,jamesgregory,2/4/2023 0:39,792,556,positive
1.4393E+17,Feeling grateful for my friends and family.,daviddean,2/17/2023 6:40,59,355,positive
6.27646E+17,Feeling disappointed in myself.,melissa54,4/13/2023 11:06,225,339,negative
4.75623E+17,Feeling disappointed in myself.,ramireztiffany,2/10/2023 17:28,476,451,negative
7.48333E+17,Going for a walk in the park.,phardin,4/26/2023 19:32,336,490,neutral
7.58509E+17,This is the best day ever!,patrick30,3/17/2023 10:20,390,217,positive
6.57819E+17,I'm so upset right now.,iayala,4/7/2023 13:55,847,771,negative
7.35805E+17,Going for a walk in the park.,jack38,2/6/2023 13:39,928,489,neutral
1.31397E+17,Feeling disappointed in myself.,andrewgriffith,4/21/2023 21:32,840,99,negative
8.68565E+17,I hate it when things don't go my way.,david23,4/12/2023 13:07,975,810,negative
9.66755E+17,This is the best day ever!,egonzalez,4/9/2023 11:18,699,150,positive
9.72931E+17,This is the best day ever!,ronnie36,2/28/2023 10:01,640,322,positive
8.10065E+17,I love my life!,nathan35,3/19/2023 22:44,324,882,positive
9.29237E+17,This is the best day ever!,bmatthews,3/8/2023 4:12,344,24,positive
6.25893E+17,Watching a movie tonight.,danielwatson,2/23/2023 13:48,830,413,neutral
7.66656E+17,I hate it when things don't go my way.,jeremywilson,2/22/2023 12:12,132,508,negative
8.86226E+17,Watching a movie tonight.,maria94,4/25/2023 18:33,370,556,neutral
4.82988E+17,I'm so upset right now.,angela46,2/28/2023 14:06,163,307,negative
8.89531E+17,I'm so upset right now.,amber56,2/9/2023 6:08,973,179,negative
3.85433E+17,This is the best day ever!,wberger,4/2/2023 19:46,921,359,positive
9.10743E+17,Feeling grateful for my friends and family.,karenthompson,2/25/2023 0:18,778,994,positive
5.79357E+17,I love my life!,cruzregina,4/9/2023 16:41,605,499,positive
8.099E+17,I'm so upset right now.,andrewfoster,1/11/2023 2:26,625,948,negative
2.59914E+17,Feeling disappointed in myself.,clarkallison,4/13/2023 13:15,185,881,negative
6.50849E+17,I'm so upset right now.,kjones,4/22/2023 11:04,520,508,negative
7.82807E+17,Feeling disappointed in myself.,charleswilson,1/30/2023 1:42,890,833,negative
8.65029E+17,Watching a movie tonight.,nathanbrown,2/24/2023 0:19,148,899,neutral
6.43192E+17,Feeling grateful for my friends and family.,meganlopez,1/17/2023 17:21,563,36,positive
6.89683E+17,Feeling disappointed in myself.,patrickpatel,2/16/2023 8:30,808,949,negative
8.94142E+17,Feeling disappointed in myself.,wrightdominique,2/12/2023 3:49,818,326,negative
7.06346E+17,Just had lunch with a friend.,wwilliamson,2/9/2023 7:54,57,92,neutral
1.53807E+17,Watching a movie tonight.,michelehill,3/26/2023 1:14,198,26,neutral
4.24974E+17,I'm so upset right now.,sarahmarquez,4/18/2023 9:35,524,683,negative
2.88465E+17,I hate it when things don't go my way.,jacob86,3/22/2023 16:39,493,545,negative
4.32473E+17,Feeling disappointed in myself.,david87,3/19/2023 6:44,243,875,negative
5.17819E+17,Feeling disappointed in myself.,williamsjessica,4/23/2023 3:07,230,781,negative
4.5487E+17,Feeling disappointed in myself.,vincentedward,1/28/2023 6:28,262,621,negative
6.36531E+17,Feeling grateful for my friends and family.,greenjohn,2/12/2023 11:41,743,934,positive
1.33049E+17,Feeling grateful for my friends and family.,jward,2/16/2023 7:44,769,269,positive
5.39331E+17,Just had lunch with a friend.,gardnerlinda,4/9/2023 7:22,551,72,neutral
4.3445E+17,Going for a walk in the park.,cgarza,1/5/2023 18:30,622,827,neutral
4.26012E+17,I hate it when things don't go my way.,calvin13,2/5/2023 18:25,745,971,negative
8.36479E+17,Watching a movie tonight.,maryjohnson,3/12/2023 16:34,27,650,neutral
3.61294E+17,Watching a movie tonight.,johnsonandrew,3/18/2023 6:39,672,791,neutral
5.92452E+17,Going for a walk in the park.,matthew13,1/28/2023 18:17,976,35,neutral
4.70988E+17,Feeling grateful for my friends and family.,jcrawford,2/17/2023 22:23,219,99,positive
2.85244E+17,Going for a walk in the park.,tmorales,2/6/2023 5:14,175,249,neutral
4.53818E+17,Feeling grateful for my friends and family.,andrea84,2/5/2023 20:39,591,302,positive
5.52849E+17,This is the best day ever!,patrickphillips,3/5/2023 15:49,64,427,positive
2.28129E+17,I'm so upset right now.,danabaker,4/4/2023 5:32,315,81,negative
5.89012E+17,I'm so upset right now.,hector32,4/25/2023 15:08,662,139,negative
6.74144E+17,This is the best day ever!,liubrenda,1/14/2023 16:14,64,278,positive
8.55312E+17,Going for a walk in the park.,wilcoxtonya,3/19/2023 22:47,284,851,neutral
3.23552E+17,Going for a walk in the park.,jennifer50,1/20/2023 11:45,262,15,neutral
3.16333E+17,Going for a walk in the park.,bramirez,4/13/2023 2:03,19,263,neutral
2.66512E+17,Just had lunch with a friend.,michaelgraves,1/11/2023 0:48,489,725,neutral
9.79954E+17,Going for a walk in the park.,emily82,4/24/2023 14:13,69,521,neutral
7.05204E+17,Feeling disappointed in myself.,kathrynmarshall,4/10/2023 1:59,679,426,negative
3.66357E+17,I love my life!,ggeorge,3/10/2023 16:18,42,51,positive
6.33642E+17,I love my life!,amyedwards,1/11/2023 9:26,87,342,positive
4.20288E+17,This is the best day ever!,gutierrezkathryn,2/19/2023 10:27,151,212,positive
8.99455E+17,I'm so upset right now.,mary89,3/17/2023 10:43,824,837,negative
3.95101E+17,Just had lunch with a friend.,jennifernguyen,4/6/2023 16:59,606,376,neutral
3.95686E+17,This is the best day ever!,shawn67,3/19/2023 0:09,180,9,positive
7.42161E+17,I hate it when things don't go my way.,vaughnsteven,3/21/2023 0:50,53,240,negative
7.11099E+17,This is the best day ever!,johnsonashley,4/27/2023 5:18,586,729,positive
9.52454E+17,Watching a movie tonight.,haroldwebb,2/24/2023 10:06,352,823,neutral
2.77659E+17,I hate it when things don't go my way.,tblankenship,3/1/2023 22:38,958,112,negative
9.505E+17,Watching a movie tonight.,dwayne02,2/20/2023 7:53,936,849,neutral
9.6663E+17,Feeling disappointed in myself.,walshashley,1/18/2023 14:25,960,126,negative
4.69555E+17,Going for a walk in the park.,skinnerelizabeth,3/9/2023 18:48,474,971,neutral
4.60405E+17,Watching a movie tonight.,tracy69,2/11/2023 0:15,919,18,neutral
4.20105E+17,Watching a movie tonight.,burkepaul,2/22/2023 2:25,514,313,neutral
5.04383E+17,I'm so upset right now.,lewischad,3/4/2023 22:06,754,152,negative
2.5361E+17,Watching a movie tonight.,carrjames,3/31/2023 18:52,320,837,neutral
5.01087E+17,Feeling disappointed in myself.,sextondavid,3/16/2023 1:08,198,544,negative
6.37177E+17,I'm so upset right now.,allenfisher,2/1/2023 9:34,447,456,negative
7.3609E+17,Just had lunch with a friend.,amber91,3/24/2023 3:16,824,689,neutral
1.43596E+17,Just had lunch with a friend.,schneiderrachel,1/13/2023 21:52,949,556,neutral
7.68346E+17,I hate it when things don't go my way.,joshua61,2/2/2023 12:49,515,998,negative
5.45958E+17,Feeling grateful for my friends and family.,arodriguez,1/20/2023 18:58,165,34,positive
2.5466E+17,Watching a movie tonight.,nicolehoffman,3/31/2023 9:58,98,309,neutral
9.46383E+17,Feeling grateful for my friends and family.,jonesscott,4/1/2023 8:09,843,99,positive
9.39798E+17,Watching a movie tonight.,tmills,3/27/2023 8:18,53,793,neutral
9.20634E+17,I love my life!,henry36,1/8/2023 15:54,40,612,positive
8.89086E+17,Watching a movie tonight.,grahameric,4/16/2023 1:57,105,621,neutral
5.26978E+17,I'm so upset right now.,bguerra,3/2/2023 0:35,540,364,negative
9.60913E+17,Feeling disappointed in myself.,mary25,2/12/2023 21:56,515,413,negative
2.06425E+17,Feeling disappointed in myself.,yolanda33,3/31/2023 15:29,877,177,negative
8.3889E+17,I love my life!,qnewton,2/23/2023 9:29,194,850,positive
2.49545E+17,This is the best day ever!,zmiller,3/26/2023 18:58,35,590,positive
5.03356E+17,I hate it when things don't go my way.,barneskathleen,3/2/2023 19:57,941,387,negative
9.94562E+17,Going for a walk in the park.,powellallen,4/21/2023 9:19,528,230,neutral
7.70563E+17,Going for a walk in the park.,chall,1/25/2023 23:02,432,122,neutral
2.64452E+17,Watching a movie tonight.,jcole,2/26/2023 1:52,311,498,neutral
5.45713E+17,Feeling disappointed in myself.,sean13,4/8/2023 16:13,718,685,negative
8.63318E+17,Going for a walk in the park.,petersoncarrie,4/3/2023 17:03,161,51,neutral
4.86158E+17,I'm so upset right now.,qabbott,3/12/2023 22:24,975,741,negative
6.80447E+17,Going for a walk in the park.,carterrenee,4/1/2023 20:53,335,561,neutral
9.70163E+17,I hate it when things don't go my way.,christopher96,2/10/2023 23:20,181,687,negative
5.23647E+17,Feeling disappointed in myself.,egilmore,1/16/2023 14:24,832,977,negative
7.21855E+17,I hate it when things don't go my way.,christopher11,3/6/2023 9:17,89,122,negative
1.97162E+17,Going for a walk in the park.,sandra67,2/19/2023 15:50,353,911,neutral
1.96981E+17,This is the best day ever!,clarksusan,3/24/2023 10:56,630,946,positive
6.41743E+17,I love my life!,wgreer,3/28/2023 23:36,18,382,positive
5.6328E+17,I hate it when things don't go my way.,diane59,4/20/2023 3:53,856,203,negative
8.41904E+17,Just had lunch with a friend.,griffithdavid,4/12/2023 5:50,690,696,neutral
2.58491E+17,I'm so upset right now.,brownjordan,4/5/2023 19:24,94,881,negative
9.96473E+17,Just had lunch with a friend.,diazaaron,1/15/2023 18:51,636,868,neutral
9.93989E+17,I'm so upset right now.,manuel50,4/4/2023 2:48,237,824,negative
1.24849E+17,Going for a walk in the park.,qjarvis,1/13/2023 1:02,363,557,neutral
9.41635E+17,Feeling disappointed in myself.,stefanietaylor,1/17/2023 13:29,31,263,negative
1.92595E+17,Going for a walk in the park.,tyler63,4/5/2023 19:11,7,819,neutral
3.04511E+17,I hate it when things don't go my way.,jessica50,1/1/2023 13:10,756,1,negative
6.7387E+17,Feeling grateful for my friends and family.,david79,1/6/2023 2:52,373,24,positive
8.47441E+17,Just had lunch with a friend.,howardalexis,3/1/2023 10:05,896,982,neutral
1.61238E+17,I'm so upset right now.,gary99,3/8/2023 6:21,144,344,negative
8.2069E+17,Going for a walk in the park.,lromero,1/20/2023 16:50,339,773,neutral
6.60304E+17,I hate it when things don't go my way.,jeffreyandrews,4/4/2023 4:58,585,366,negative
7.57787E+17,I love my life!,marthajones,1/19/2023 0:17,365,815,positive
6.79737E+17,I hate it when things don't go my way.,rhodges,2/15/2023 11:39,562,409,negative
2.86271E+17,I hate it when things don't go my way.,deanshelly,3/15/2023 21:44,179,177,negative
7.2904E+17,I'm so upset right now.,xward,1/7/2023 15:38,850,31,negative
8.32794E+17,Going for a walk in the park.,qjennings,2/7/2023 19:19,746,996,neutral
2.24639E+17,Going for a walk in the park.,badams,2/2/2023 6:19,782,793,neutral
2.67072E+17,I love my life!,stevensadrian,1/4/2023 5:18,477,328,positive
2.69759E+17,Watching a movie tonight.,xgomez,2/25/2023 3:03,418,958,neutral
5.01542E+17,Feeling grateful for my friends and family.,diana11,2/9/2023 22:50,571,441,positive
2.3633E+17,This is the best day ever!,tracy83,2/18/2023 13:22,678,284,positive
6.15017E+17,Just had lunch with a friend.,landerson,2/1/2023 8:45,595,344,neutral
2.42973E+17,Watching a movie tonight.,mannjames,3/4/2023 22:53,85,893,neutral
9.74719E+17,This is the best day ever!,awhite,1/28/2023 20:15,195,183,positive
8.35044E+17,Going for a walk in the park.,pagemisty,3/17/2023 16:05,138,716,neutral
8.50981E+17,I'm so upset right now.,barbercourtney,1/4/2023 1:55,816,478,negative
4.64923E+17,I hate it when things don't go my way.,caguirre,3/14/2023 7:49,303,407,negative
6.37726E+17,Just had lunch with a friend.,donald37,1/27/2023 22:08,913,55,neutral
5.94473E+17,This is the best day ever!,dakota58,3/2/2023 4:28,29,968,positive
3.6424E+17,I love my life!,steven80,3/10/2023 14:30,154,546,positive
6.58838E+17,This is the best day ever!,christopherporter,2/13/2023 13:30,449,536,positive
9.80408E+17,I'm so upset right now.,dustinhernandez,2/27/2023 13:50,130,748,negative
1.80837E+17,Just had lunch with a friend.,dperez,3/17/2023 6:03,554,89,neutral
3.26407E+17,Feeling grateful for my friends and family.,abigail44,4/15/2023 1:56,625,430,positive
7.86669E+17,Feeling grateful for my friends and family.,scottpeterson,2/9/2023 9:53,123,177,positive
6.23677E+17,Feeling grateful for my friends and family.,robinsonmelissa,4/23/2023 9:44,356,827,positive
8.33164E+17,Just had lunch with a friend.,lross,1/24/2023 7:49,334,492,neutral
2.50465E+17,I hate it when things don't go my way.,nhayes,1/28/2023 5:03,986,932,negative
6.0082E+17,I hate it when things don't go my way.,marknixon,4/21/2023 13:27,458,61,negative
9.66366E+17,I'm so upset right now.,hollyflores,3/8/2023 11:29,317,179,negative
9.36627E+17,Just had lunch with a friend.,odickerson,4/9/2023 18:32,584,706,neutral
7.70066E+17,I love my life!,rosedonald,4/14/2023 22:11,206,976,positive
